Customer,Arrival Date,Arrival Time,Start Service Date,Start Service Time,Departure Date,Departure Time,Lama Service,Queue,antar datang,Inter-arrival Times,Services Time,,,
,11/30/2024,0:04:13,11/30/2024,0:04:13,11/30/2024,0:05:06,0:00:53,No,0,0,53.00,,,
2,11/30/2024,0:07:06,11/30/2024,0:07:06,11/30/2024,0:07:34,0:00:28,No,0:02:53,173.00,28.00,,,
3,11/30/2024,0:13:44,11/30/2024,0:13:44,11/30/2024,0:25:57,0:12:13,No,0:06:38,398.00,733.00,,,
4,11/30/2024,0:13:54,11/30/2024,0:25:57,11/30/2024,0:27:54,0:01:57,Yes,0:00:10,10.00,117.00,,,
5,11/30/2024,0:14:11,11/30/2024,0:27:54,11/30/2024,0:36:04,0:08:10,Yes,0:00:17,17.00,490.00,,,
6,11/30/2024,0:15:46,11/30/2024,0:36:04,11/30/2024,0:37:19,0:01:15,Yes,0:01:35,95.00,75.00,,,
7,11/30/2024,0:17:20,11/30/2024,0:37:19,11/30/2024,0:37:29,0:00:10,Yes,0:01:34,94.00,10.00,,,
8,11/30/2024,0:18:03,11/30/2024,0:37:29,11/30/2024,0:38:33,0:01:04,Yes,0:00:43,43.00,64.00,,,
9,11/30/2024,0:31:41,11/30/2024,0:38:33,11/30/2024,0:39:30,0:00:57,Yes,0:13:38,818.00,57.00,,,
10,11/30/2024,0:31:50,11/30/2024,0:39:30,11/30/2024,0:42:50,0:03:20,Yes,0:00:09,9.00,200.00,,,
11,11/30/2024,0:36:51,11/30/2024,0:42:50,11/30/2024,0:49:52,0:07:02,Yes,0:05:01,301.00,422.00,,,
12,11/30/2024,0:39:16,11/30/2024,0:49:52,11/30/2024,0:53:54,0:04:02,Yes,0:02:25,145.00,242.00,,,
13,11/30/2024,0:40:40,11/30/2024,0:53:54,11/30/2024,0:57:51,0:03:57,Yes,0:01:24,84.00,237.00,,,
14,11/30/2024,0:42:33,11/30/2024,0:57:51,11/30/2024,1:09:28,0:11:37,Yes,0:01:53,113.00,697.00,,,
15,11/30/2024,0:43:29,11/30/2024,1:09:28,11/30/2024,1:09:40,0:00:12,Yes,0:00:56,56.00,12.00,,,
16,11/30/2024,0:47:44,11/30/2024,1:09:40,11/30/2024,1:10:26,0:00:46,Yes,0:04:15,255.00,46.00,,,
17,11/30/2024,0:55:33,11/30/2024,1:10:26,11/30/2024,1:12:23,0:01:57,Yes,0:07:49,469.00,117.00,,,
18,11/30/2024,0:57:57,11/30/2024,1:12:23,11/30/2024,1:12:36,0:00:13,Yes,0:02:24,144.00,13.00,,,
19,11/30/2024,1:00:54,11/30/2024,1:12:36,11/30/2024,1:15:32,0:02:56,Yes,0:02:57,177.00,176.00,,,
20,11/30/2024,1:21:07,11/30/2024,1:21:07,11/30/2024,1:23:27,0:02:20,No,0:20:13,1213.00,140.00,,,
21,11/30/2024,1:25:19,11/30/2024,1:25:19,11/30/2024,1:26:41,0:01:22,No,0:04:12,252.00,82.00,,,
22,11/30/2024,1:30:09,11/30/2024,1:30:09,11/30/2024,1:37:42,0:07:33,No,0:04:50,290.00,453.00,,,
23,11/30/2024,1:37:35,11/30/2024,1:37:42,11/30/2024,1:39:25,0:01:43,Yes,0:07:26,446.00,103.00,,,
24,11/30/2024,1:44:19,11/30/2024,1:44:19,11/30/2024,1:54:05,0:09:46,No,0:06:44,404.00,586.00,,,
25,11/30/2024,1:50:10,11/30/2024,1:54:05,11/30/2024,1:59:12,0:05:07,Yes,0:05:51,351.00,307.00,,,
26,11/30/2024,1:58:12,11/30/2024,1:59:12,11/30/2024,2:00:56,0:01:44,Yes,0:08:02,482.00,104.00,,,
27,11/30/2024,2:05:41,11/30/2024,2:05:41,11/30/2024,2:15:39,0:09:58,No,0:07:29,449.00,598.00,,,
28,11/30/2024,2:13:32,11/30/2024,2:15:39,11/30/2024,2:18:47,0:03:08,Yes,0:07:51,471.00,188.00,,,
29,11/30/2024,2:13:41,11/30/2024,2:18:47,11/30/2024,2:27:11,0:08:24,Yes,0:00:09,9.00,504.00,,,
30,11/30/2024,2:16:41,11/30/2024,2:27:11,11/30/2024,2:36:08,0:08:57,Yes,0:03:00,180.00,537.00,,,
31,11/30/2024,2:27:31,11/30/2024,2:36:08,11/30/2024,2:37:08,0:01:00,Yes,0:10:50,650.00,60.00,,,
32,11/30/2024,2:30:03,11/30/2024,2:37:08,11/30/2024,2:37:36,0:00:28,Yes,0:02:32,152.00,28.00,,,
33,11/30/2024,2:31:21,11/30/2024,2:37:36,11/30/2024,2:37:42,0:00:06,Yes,0:01:18,78.00,6.00,,,
34,11/30/2024,2:44:20,11/30/2024,2:44:20,11/30/2024,2:44:38,0:00:18,No,0:12:59,779.00,18.00,,,
35,11/30/2024,2:50:29,11/30/2024,2:50:29,11/30/2024,2:55:17,0:04:48,No,0:06:09,369.00,288.00,,,
36,11/30/2024,2:54:26,11/30/2024,2:55:17,11/30/2024,2:55:44,0:00:27,Yes,0:03:57,237.00,27.00,,,
37,11/30/2024,2:57:35,11/30/2024,2:57:35,11/30/2024,3:01:22,0:03:47,No,0:03:09,189.00,227.00,,,
38,11/30/2024,3:03:51,11/30/2024,3:03:51,11/30/2024,3:13:26,0:09:35,No,0:06:16,376.00,575.00,,,
39,11/30/2024,3:06:48,11/30/2024,3:13:26,11/30/2024,3:15:41,0:02:15,Yes,0:02:57,177.00,135.00,,,
40,11/30/2024,3:12:26,11/30/2024,3:15:41,11/30/2024,3:23:24,0:07:43,Yes,0:05:38,338.00,463.00,,,
41,11/30/2024,3:14:33,11/30/2024,3:23:24,11/30/2024,3:24:39,0:01:15,Yes,0:02:07,127.00,75.00,,,
42,11/30/2024,3:50:36,11/30/2024,3:50:36,11/30/2024,3:53:55,0:03:19,No,0:36:03,2163.00,199.00,,,
43,11/30/2024,3:54:50,11/30/2024,3:54:50,11/30/2024,3:57:41,0:02:51,No,0:04:14,254.00,171.00,,,
44,11/30/2024,3:55:57,11/30/2024,3:57:41,11/30/2024,3:58:31,0:00:50,Yes,0:01:07,67.00,50.00,,,
45,11/30/2024,4:01:27,11/30/2024,4:01:27,11/30/2024,4:03:56,0:02:29,No,0:05:30,330.00,149.00,,,
46,11/30/2024,4:12:42,11/30/2024,4:12:42,11/30/2024,4:13:03,0:00:21,No,0:11:15,675.00,21.00,,,
47,11/30/2024,4:19:31,11/30/2024,4:19:31,11/30/2024,4:19:32,0:00:01,No,0:06:49,409.00,1.00,,,
48,11/30/2024,4:22:24,11/30/2024,4:22:24,11/30/2024,4:43:48,0:21:24,No,0:02:53,173.00,1284.00,,,
49,11/30/2024,4:36:01,11/30/2024,4:43:48,11/30/2024,4:46:20,0:02:32,Yes,0:13:37,817.00,152.00,,,
50,11/30/2024,4:42:35,11/30/2024,4:46:20,11/30/2024,4:48:35,0:02:15,Yes,0:06:34,394.00,135.00,,,
51,11/30/2024,4:43:02,11/30/2024,4:48:35,11/30/2024,4:49:36,0:01:01,Yes,0:00:27,27.00,61.00,,,
52,11/30/2024,4:44:34,11/30/2024,4:49:36,11/30/2024,4:52:12,0:02:36,Yes,0:01:32,92.00,156.00,,,
53,11/30/2024,4:49:54,11/30/2024,4:52:12,11/30/2024,4:54:30,0:02:18,Yes,0:05:20,320.00,138.00,,,
54,11/30/2024,4:51:28,11/30/2024,4:54:30,11/30/2024,4:55:29,0:00:59,Yes,0:01:34,94.00,59.00,,,
55,11/30/2024,4:56:21,11/30/2024,4:56:21,11/30/2024,4:57:27,0:01:06,No,0:04:53,293.00,66.00,,,
56,11/30/2024,5:05:47,11/30/2024,5:05:47,11/30/2024,5:10:27,0:04:40,No,0:09:26,566.00,280.00,,,
57,11/30/2024,5:08:36,11/30/2024,5:10:27,11/30/2024,5:24:58,0:14:31,Yes,0:02:49,169.00,871.00,,,
58,11/30/2024,5:21:30,11/30/2024,5:24:58,11/30/2024,5:31:48,0:06:50,Yes,0:12:54,774.00,410.00,,,
59,11/30/2024,5:26:44,11/30/2024,5:31:48,11/30/2024,5:35:46,0:03:58,Yes,0:05:14,314.00,238.00,,,
60,11/30/2024,5:31:51,11/30/2024,5:35:46,11/30/2024,5:40:04,0:04:18,Yes,0:05:07,307.00,258.00,,,
61,11/30/2024,5:37:00,11/30/2024,5:40:04,11/30/2024,5:41:43,0:01:39,Yes,0:05:09,309.00,99.00,,,
62,11/30/2024,5:38:25,11/30/2024,5:41:43,11/30/2024,5:43:29,0:01:46,Yes,0:01:25,85.00,106.00,,,
63,11/30/2024,5:46:14,11/30/2024,5:46:14,11/30/2024,5:52:34,0:06:20,No,0:07:49,469.00,380.00,,,
64,11/30/2024,5:46:26,11/30/2024,5:52:34,11/30/2024,5:53:22,0:00:48,Yes,0:00:12,12.00,48.00,,,
65,11/30/2024,5:46:56,11/30/2024,5:53:22,11/30/2024,5:56:31,0:03:09,Yes,0:00:30,30.00,189.00,,,
66,11/30/2024,5:47:26,11/30/2024,5:56:31,11/30/2024,5:59:54,0:03:23,Yes,0:00:30,30.00,203.00,,,
67,11/30/2024,5:48:50,11/30/2024,5:59:54,11/30/2024,6:01:08,0:01:14,Yes,0:01:24,84.00,74.00,,,
68,11/30/2024,5:50:18,11/30/2024,6:01:08,11/30/2024,6:04:21,0:03:13,Yes,0:01:28,88.00,193.00,,,
69,11/30/2024,5:55:10,11/30/2024,6:04:21,11/30/2024,6:06:03,0:01:42,Yes,0:04:52,292.00,102.00,,,
70,11/30/2024,5:59:47,11/30/2024,6:06:03,11/30/2024,6:06:57,0:00:54,Yes,0:04:37,277.00,54.00,,,
71,11/30/2024,6:08:00,11/30/2024,6:08:00,11/30/2024,6:13:47,0:05:47,No,0:08:13,493.00,347.00,,,
72,11/30/2024,6:16:06,11/30/2024,6:16:06,11/30/2024,6:24:54,0:08:48,No,0:08:06,486.00,528.00,,,
73,11/30/2024,6:28:47,11/30/2024,6:28:47,11/30/2024,6:29:48,0:01:01,No,0:12:41,761.00,61.00,,,
74,11/30/2024,6:36:23,11/30/2024,6:36:23,11/30/2024,6:39:09,0:02:46,No,0:07:36,456.00,166.00,,,
75,11/30/2024,6:38:17,11/30/2024,6:39:09,11/30/2024,6:44:48,0:05:39,Yes,0:01:54,114.00,339.00,,,
76,11/30/2024,6:39:29,11/30/2024,6:44:48,11/30/2024,6:47:29,0:02:41,Yes,0:01:12,72.00,161.00,,,
77,11/30/2024,6:41:49,11/30/2024,6:47:29,11/30/2024,6:52:04,0:04:35,Yes,0:02:20,140.00,275.00,,,
78,11/30/2024,6:42:02,11/30/2024,6:52:04,11/30/2024,6:56:09,0:04:05,Yes,0:00:13,13.00,245.00,,,
79,11/30/2024,6:43:38,11/30/2024,6:56:09,11/30/2024,6:57:18,0:01:09,Yes,0:01:36,96.00,69.00,,,
80,11/30/2024,6:46:51,11/30/2024,6:57:18,11/30/2024,6:58:43,0:01:25,Yes,0:03:13,193.00,85.00,,,
81,11/30/2024,6:49:42,11/30/2024,6:58:43,11/30/2024,7:05:14,0:06:31,Yes,0:02:51,171.00,391.00,,,
82,11/30/2024,6:50:47,11/30/2024,7:05:14,11/30/2024,7:08:00,0:02:46,Yes,0:01:05,65.00,166.00,,,
83,11/30/2024,7:13:17,11/30/2024,7:13:17,11/30/2024,7:20:32,0:07:15,No,0:22:30,1350.00,435.00,,,
84,11/30/2024,7:22:34,11/30/2024,7:22:34,11/30/2024,7:36:03,0:13:29,No,0:09:17,557.00,809.00,,,
85,11/30/2024,7:26:00,11/30/2024,7:36:03,11/30/2024,7:37:40,0:01:37,Yes,0:03:26,206.00,97.00,,,
86,11/30/2024,7:33:11,11/30/2024,7:37:40,11/30/2024,7:37:49,0:00:09,Yes,0:07:11,431.00,9.00,,,
87,11/30/2024,7:41:51,11/30/2024,7:41:51,11/30/2024,7:44:53,0:03:02,No,0:08:40,520.00,182.00,,,
88,11/30/2024,7:48:04,11/30/2024,7:48:04,11/30/2024,7:48:51,0:00:47,No,0:06:13,373.00,47.00,,,
89,11/30/2024,7:55:23,11/30/2024,7:55:23,11/30/2024,7:57:45,0:02:22,No,0:07:19,439.00,142.00,,,
90,11/30/2024,8:03:04,11/30/2024,8:03:04,11/30/2024,8:04:35,0:01:31,No,0:07:41,461.00,91.00,,,
91,11/30/2024,8:03:06,11/30/2024,8:04:35,11/30/2024,8:08:39,0:04:04,Yes,0:00:02,2.00,244.00,,,
92,11/30/2024,8:08:38,11/30/2024,8:08:39,11/30/2024,8:11:26,0:02:47,Yes,0:05:32,332.00,167.00,,,
93,11/30/2024,8:10:08,11/30/2024,8:11:26,11/30/2024,8:11:46,0:00:20,Yes,0:01:30,90.00,20.00,,,
94,11/30/2024,8:16:06,11/30/2024,8:16:06,11/30/2024,8:16:12,0:00:06,No,0:05:58,358.00,6.00,,,
95,11/30/2024,8:21:40,11/30/2024,8:21:40,11/30/2024,8:23:27,0:01:47,No,0:05:34,334.00,107.00,,,
96,11/30/2024,8:22:01,11/30/2024,8:23:27,11/30/2024,8:25:37,0:02:10,Yes,0:00:21,21.00,130.00,,,
97,11/30/2024,8:24:25,11/30/2024,8:25:37,11/30/2024,8:27:00,0:01:23,Yes,0:02:24,144.00,83.00,,,
98,11/30/2024,8:32:16,11/30/2024,8:32:16,11/30/2024,8:40:28,0:08:12,No,0:07:51,471.00,492.00,,,
99,11/30/2024,8:33:34,11/30/2024,8:40:28,11/30/2024,8:55:13,0:14:45,Yes,0:01:18,78.00,885.00,,,
100,11/30/2024,8:42:51,11/30/2024,8:55:13,11/30/2024,8:59:01,0:03:48,Yes,0:09:17,557.00,228.00,,,
101,11/30/2024,8:45:10,11/30/2024,8:59:01,11/30/2024,8:59:57,0:00:56,Yes,0:02:19,139.00,56.00,,,
102,11/30/2024,8:46:21,11/30/2024,8:59:57,11/30/2024,9:03:53,0:03:56,Yes,0:01:11,71.00,236.00,,,
103,11/30/2024,8:52:15,11/30/2024,9:03:53,11/30/2024,9:06:42,0:02:49,Yes,0:05:54,354.00,169.00,,,
104,11/30/2024,8:52:33,11/30/2024,9:06:42,11/30/2024,9:08:40,0:01:58,Yes,0:00:18,18.00,118.00,,,
105,11/30/2024,8:54:34,11/30/2024,9:08:40,11/30/2024,9:12:11,0:03:31,Yes,0:02:01,121.00,211.00,,,
106,11/30/2024,8:59:17,11/30/2024,9:12:11,11/30/2024,9:13:27,0:01:16,Yes,0:04:43,283.00,76.00,,,
107,11/30/2024,9:01:22,11/30/2024,9:13:27,11/30/2024,9:22:21,0:08:54,Yes,0:02:05,125.00,534.00,,,
108,11/30/2024,9:05:08,11/30/2024,9:22:21,11/30/2024,9:22:58,0:00:37,Yes,0:03:46,226.00,37.00,,,
109,11/30/2024,9:06:05,11/30/2024,9:22:58,11/30/2024,9:23:36,0:00:38,Yes,0:00:57,57.00,38.00,,,
110,11/30/2024,9:10:28,11/30/2024,9:23:36,11/30/2024,9:24:32,0:00:56,Yes,0:04:23,263.00,56.00,,,
111,11/30/2024,9:11:25,11/30/2024,9:24:32,11/30/2024,9:25:08,0:00:36,Yes,0:00:57,57.00,36.00,,,
112,11/30/2024,9:16:19,11/30/2024,9:25:08,11/30/2024,9:26:40,0:01:32,Yes,0:04:54,294.00,92.00,,,
113,11/30/2024,9:17:56,11/30/2024,9:26:40,11/30/2024,9:36:44,0:10:04,Yes,0:01:37,97.00,604.00,,,
114,11/30/2024,9:24:32,11/30/2024,9:36:44,11/30/2024,9:37:21,0:00:37,Yes,0:06:36,396.00,37.00,,,
115,11/30/2024,9:26:07,11/30/2024,9:37:21,11/30/2024,9:42:43,0:05:22,Yes,0:01:35,95.00,322.00,,,
116,11/30/2024,9:34:09,11/30/2024,9:42:43,11/30/2024,9:44:05,0:01:22,Yes,0:08:02,482.00,82.00,,,
117,11/30/2024,9:34:52,11/30/2024,9:44:05,11/30/2024,9:47:23,0:03:18,Yes,0:00:43,43.00,198.00,,,
118,11/30/2024,9:43:53,11/30/2024,9:47:23,11/30/2024,9:49:55,0:02:32,Yes,0:09:01,541.00,152.00,,,
119,11/30/2024,9:44:02,11/30/2024,9:49:55,11/30/2024,9:56:07,0:06:12,Yes,0:00:09,9.00,372.00,,,
120,11/30/2024,9:50:33,11/30/2024,9:56:07,11/30/2024,10:01:32,0:05:25,Yes,0:06:31,391.00,325.00,,,
121,11/30/2024,9:51:33,11/30/2024,10:01:32,11/30/2024,10:07:28,0:05:56,Yes,0:01:00,60.00,356.00,,,
122,11/30/2024,10:00:19,11/30/2024,10:07:28,11/30/2024,10:08:26,0:00:58,Yes,0:08:46,526.00,58.00,,,
123,11/30/2024,10:09:08,11/30/2024,10:09:08,11/30/2024,10:15:15,0:06:07,No,0:08:49,529.00,367.00,,,
124,11/30/2024,10:13:21,11/30/2024,10:15:15,11/30/2024,10:19:46,0:04:31,Yes,0:04:13,253.00,271.00,,,
125,11/30/2024,10:15:05,11/30/2024,10:19:46,11/30/2024,10:25:26,0:05:40,Yes,0:01:44,104.00,340.00,,,
126,11/30/2024,10:31:35,11/30/2024,10:31:35,11/30/2024,10:36:37,0:05:02,No,0:16:30,990.00,302.00,,,
127,11/30/2024,10:33:35,11/30/2024,10:36:37,11/30/2024,10:40:34,0:03:57,Yes,0:02:00,120.00,237.00,,,
128,11/30/2024,10:39:06,11/30/2024,10:40:34,11/30/2024,10:41:23,0:00:49,Yes,0:05:31,331.00,49.00,,,
129,11/30/2024,10:45:44,11/30/2024,10:45:44,11/30/2024,10:46:04,0:00:20,No,0:06:38,398.00,20.00,,,
130,11/30/2024,10:48:57,11/30/2024,10:48:57,11/30/2024,10:49:39,0:00:42,No,0:03:13,193.00,42.00,,,
131,11/30/2024,10:49:56,11/30/2024,10:49:56,11/30/2024,10:50:23,0:00:27,No,0:00:59,59.00,27.00,,,
132,11/30/2024,10:52:13,11/30/2024,10:52:13,11/30/2024,10:57:16,0:05:03,No,0:02:17,137.00,303.00,,,
133,11/30/2024,10:54:04,11/30/2024,10:57:16,11/30/2024,10:59:52,0:02:36,Yes,0:01:51,111.00,156.00,,,
134,11/30/2024,11:11:24,11/30/2024,11:11:24,11/30/2024,11:20:56,0:09:32,No,0:17:20,1040.00,572.00,,,
135,11/30/2024,11:17:46,11/30/2024,11:20:56,11/30/2024,11:24:06,0:03:10,Yes,0:06:22,382.00,190.00,,,
136,11/30/2024,11:23:10,11/30/2024,11:24:06,11/30/2024,11:30:41,0:06:35,Yes,0:05:24,324.00,395.00,,,
137,11/30/2024,11:24:39,11/30/2024,11:30:41,11/30/2024,11:32:12,0:01:31,Yes,0:01:29,89.00,91.00,,,
138,11/30/2024,11:25:04,11/30/2024,11:32:12,11/30/2024,11:32:57,0:00:45,Yes,0:00:25,25.00,45.00,,,
139,11/30/2024,11:39:51,11/30/2024,11:39:51,11/30/2024,11:41:40,0:01:49,No,0:14:47,887.00,109.00,,,
140,11/30/2024,11:49:41,11/30/2024,11:49:41,11/30/2024,11:50:48,0:01:07,No,0:09:50,590.00,67.00,,,
141,11/30/2024,11:53:00,11/30/2024,11:53:00,11/30/2024,11:53:55,0:00:55,No,0:03:19,199.00,55.00,,,
142,11/30/2024,12:01:03,11/30/2024,12:01:03,11/30/2024,12:14:51,0:13:48,No,0:08:03,483.00,828.00,,,
143,11/30/2024,12:04:05,11/30/2024,12:14:51,11/30/2024,12:15:22,0:00:31,Yes,0:03:02,182.00,31.00,,,
144,11/30/2024,12:04:33,11/30/2024,12:15:22,11/30/2024,12:16:04,0:00:42,Yes,0:00:28,28.00,42.00,,,
145,11/30/2024,12:06:11,11/30/2024,12:16:04,11/30/2024,12:17:06,0:01:02,Yes,0:01:38,98.00,62.00,,,
146,11/30/2024,12:14:58,11/30/2024,12:17:06,11/30/2024,12:18:04,0:00:58,Yes,0:08:47,527.00,58.00,,,
147,11/30/2024,12:16:18,11/30/2024,12:18:04,11/30/2024,12:27:39,0:09:35,Yes,0:01:20,80.00,575.00,,,
148,11/30/2024,12:21:00,11/30/2024,12:27:39,11/30/2024,12:36:57,0:09:18,Yes,0:04:42,282.00,558.00,,,
149,11/30/2024,12:23:15,11/30/2024,12:36:57,11/30/2024,12:38:26,0:01:29,Yes,0:02:15,135.00,89.00,,,
150,11/30/2024,12:29:42,11/30/2024,12:38:26,11/30/2024,12:41:05,0:02:39,Yes,0:06:27,387.00,159.00,,,
151,11/30/2024,12:30:35,11/30/2024,12:41:05,11/30/2024,12:47:18,0:06:13,Yes,0:00:53,53.00,373.00,,,
152,11/30/2024,12:38:27,11/30/2024,12:47:18,11/30/2024,12:49:34,0:02:16,Yes,0:07:52,472.00,136.00,,,
153,11/30/2024,12:38:46,11/30/2024,12:49:34,11/30/2024,12:53:43,0:04:09,Yes,0:00:19,19.00,249.00,,,
154,11/30/2024,12:41:37,11/30/2024,12:53:43,11/30/2024,12:58:33,0:04:50,Yes,0:02:51,171.00,290.00,,,
155,11/30/2024,12:50:16,11/30/2024,12:58:33,11/30/2024,12:58:42,0:00:09,Yes,0:08:39,519.00,9.00,,,
156,11/30/2024,12:56:49,11/30/2024,12:58:42,11/30/2024,13:07:46,0:09:04,Yes,0:06:33,393.00,544.00,,,
157,11/30/2024,13:03:18,11/30/2024,13:07:46,11/30/2024,13:08:04,0:00:18,Yes,0:06:29,389.00,18.00,,,
158,11/30/2024,13:05:38,11/30/2024,13:08:04,11/30/2024,13:09:17,0:01:13,Yes,0:02:20,140.00,73.00,,,
159,11/30/2024,13:05:48,11/30/2024,13:09:17,11/30/2024,13:20:30,0:11:13,Yes,0:00:10,10.00,673.00,,,
160,11/30/2024,13:06:34,11/30/2024,13:20:30,11/30/2024,13:32:26,0:11:56,Yes,0:00:46,46.00,716.00,,,
161,11/30/2024,13:11:45,11/30/2024,13:32:26,11/30/2024,13:45:35,0:13:09,Yes,0:05:11,311.00,789.00,,,
162,11/30/2024,13:17:10,11/30/2024,13:45:35,11/30/2024,13:52:16,0:06:41,Yes,0:05:25,325.00,401.00,,,
163,11/30/2024,13:35:54,11/30/2024,13:52:16,11/30/2024,13:55:49,0:03:33,Yes,0:18:44,1124.00,213.00,,,
164,11/30/2024,13:35:56,11/30/2024,13:55:49,11/30/2024,13:57:52,0:02:03,Yes,0:00:02,2.00,123.00,,,
165,11/30/2024,13:35:57,11/30/2024,13:57:52,11/30/2024,13:58:02,0:00:10,Yes,0:00:01,1.00,10.00,,,
166,11/30/2024,13:44:27,11/30/2024,13:58:02,11/30/2024,14:01:26,0:03:24,Yes,0:08:30,510.00,204.00,,,
167,11/30/2024,13:47:09,11/30/2024,14:01:26,11/30/2024,14:15:45,0:14:19,Yes,0:02:42,162.00,859.00,,,
168,11/30/2024,13:49:30,11/30/2024,14:15:45,11/30/2024,14:17:05,0:01:20,Yes,0:02:21,141.00,80.00,,,
169,11/30/2024,13:49:46,11/30/2024,14:17:05,11/30/2024,14:25:42,0:08:37,Yes,0:00:16,16.00,517.00,,,
170,11/30/2024,13:52:21,11/30/2024,14:25:42,11/30/2024,14:28:23,0:02:41,Yes,0:02:35,155.00,161.00,,,
171,11/30/2024,13:59:46,11/30/2024,14:28:23,11/30/2024,14:34:16,0:05:53,Yes,0:07:25,445.00,353.00,,,
172,11/30/2024,14:06:10,11/30/2024,14:34:16,11/30/2024,14:35:31,0:01:15,Yes,0:06:24,384.00,75.00,,,
173,11/30/2024,14:13:18,11/30/2024,14:35:31,11/30/2024,14:38:13,0:02:42,Yes,0:07:08,428.00,162.00,,,
174,11/30/2024,14:23:53,11/30/2024,14:38:13,11/30/2024,14:41:07,0:02:54,Yes,0:10:35,635.00,174.00,,,
175,11/30/2024,14:31:00,11/30/2024,14:41:07,11/30/2024,14:47:00,0:05:53,Yes,0:07:07,427.00,353.00,,,
176,11/30/2024,14:35:26,11/30/2024,14:47:00,11/30/2024,14:49:07,0:02:07,Yes,0:04:26,266.00,127.00,,,
177,11/30/2024,14:48:53,11/30/2024,14:49:07,11/30/2024,14:55:24,0:06:17,Yes,0:13:27,807.00,377.00,,,
178,11/30/2024,15:00:02,11/30/2024,15:00:02,11/30/2024,15:03:50,0:03:48,No,0:11:09,669.00,228.00,,,
179,11/30/2024,15:02:39,11/30/2024,15:03:50,11/30/2024,15:04:18,0:00:28,Yes,0:02:37,157.00,28.00,,,
180,11/30/2024,15:02:59,11/30/2024,15:04:18,11/30/2024,15:10:49,0:06:31,Yes,0:00:20,20.00,391.00,,,
181,11/30/2024,15:05:50,11/30/2024,15:10:49,11/30/2024,15:11:11,0:00:22,Yes,0:02:51,171.00,22.00,,,
182,11/30/2024,15:27:40,11/30/2024,15:27:40,11/30/2024,15:32:31,0:04:51,No,0:21:50,1310.00,291.00,,,
183,11/30/2024,15:30:27,11/30/2024,15:32:31,11/30/2024,15:37:03,0:04:32,Yes,0:02:47,167.00,272.00,,,
184,11/30/2024,15:32:45,11/30/2024,15:37:03,11/30/2024,15:40:40,0:03:37,Yes,0:02:18,138.00,217.00,,,
185,11/30/2024,15:34:03,11/30/2024,15:40:40,11/30/2024,15:53:26,0:12:46,Yes,0:01:18,78.00,766.00,,,
186,11/30/2024,15:37:33,11/30/2024,15:53:26,11/30/2024,15:54:03,0:00:37,Yes,0:03:30,210.00,37.00,,,
187,11/30/2024,15:42:22,11/30/2024,15:54:03,11/30/2024,15:55:20,0:01:17,Yes,0:04:49,289.00,77.00,,,
188,11/30/2024,15:46:01,11/30/2024,15:55:20,11/30/2024,15:57:37,0:02:17,Yes,0:03:39,219.00,137.00,,,
189,11/30/2024,15:51:35,11/30/2024,15:57:37,11/30/2024,15:58:48,0:01:11,Yes,0:05:34,334.00,71.00,,,
190,11/30/2024,15:54:36,11/30/2024,15:58:48,11/30/2024,16:04:59,0:06:11,Yes,0:03:01,181.00,371.00,,,
191,11/30/2024,15:57:58,11/30/2024,16:04:59,11/30/2024,16:08:54,0:03:55,Yes,0:03:22,202.00,235.00,,,
192,11/30/2024,16:06:07,11/30/2024,16:08:54,11/30/2024,16:09:25,0:00:31,Yes,0:08:09,489.00,31.00,,,
193,11/30/2024,16:06:38,11/30/2024,16:09:25,11/30/2024,16:12:35,0:03:10,Yes,0:00:31,31.00,190.00,,,
194,11/30/2024,16:08:40,11/30/2024,16:12:35,11/30/2024,16:13:59,0:01:24,Yes,0:02:02,122.00,84.00,,,
195,11/30/2024,16:22:22,11/30/2024,16:22:22,11/30/2024,16:28:20,0:05:58,No,0:13:42,822.00,358.00,,,
196,11/30/2024,16:36:38,11/30/2024,16:36:38,11/30/2024,16:42:03,0:05:25,No,0:14:16,856.00,325.00,,,
197,11/30/2024,16:36:45,11/30/2024,16:42:03,11/30/2024,16:45:31,0:03:28,Yes,0:00:07,7.00,208.00,,,
198,11/30/2024,16:39:08,11/30/2024,16:45:31,11/30/2024,16:48:45,0:03:14,Yes,0:02:23,143.00,194.00,,,
199,11/30/2024,16:42:28,11/30/2024,16:48:45,11/30/2024,16:55:19,0:06:34,Yes,0:03:20,200.00,394.00,,,
200,11/30/2024,16:47:13,11/30/2024,16:55:19,11/30/2024,17:05:17,0:09:58,Yes,0:04:45,285.00,598.00,,,
201,11/30/2024,16:52:55,11/30/2024,17:05:17,11/30/2024,17:06:07,0:00:50,Yes,0:05:42,342.00,50.00,,,
202,11/30/2024,16:53:20,11/30/2024,17:06:07,11/30/2024,17:11:19,0:05:12,Yes,0:00:25,25.00,312.00,,,
203,11/30/2024,17:01:33,11/30/2024,17:11:19,11/30/2024,17:14:29,0:03:10,Yes,0:08:13,493.00,190.00,,,
204,11/30/2024,17:02:20,11/30/2024,17:14:29,11/30/2024,17:20:48,0:06:19,Yes,0:00:47,47.00,379.00,,,
205,11/30/2024,17:09:44,11/30/2024,17:20:48,11/30/2024,17:20:55,0:00:07,Yes,0:07:24,444.00,7.00,,,
206,11/30/2024,17:10:18,11/30/2024,17:20:55,11/30/2024,17:23:51,0:02:56,Yes,0:00:34,34.00,176.00,,,
207,11/30/2024,17:11:25,11/30/2024,17:23:51,11/30/2024,17:44:47,0:20:56,Yes,0:01:07,67.00,1256.00,,,
208,11/30/2024,17:14:46,11/30/2024,17:44:47,11/30/2024,17:51:04,0:06:17,Yes,0:03:21,201.00,377.00,,,
209,11/30/2024,17:22:27,11/30/2024,17:51:04,11/30/2024,17:51:51,0:00:47,Yes,0:07:41,461.00,47.00,,,
210,11/30/2024,17:32:06,11/30/2024,17:51:51,11/30/2024,17:52:44,0:00:53,Yes,0:09:39,579.00,53.00,,,
211,11/30/2024,17:33:10,11/30/2024,17:52:44,11/30/2024,17:53:15,0:00:31,Yes,0:01:04,64.00,31.00,,,
212,11/30/2024,17:36:00,11/30/2024,17:53:15,11/30/2024,17:57:16,0:04:01,Yes,0:02:50,170.00,241.00,,,
213,11/30/2024,17:45:40,11/30/2024,17:57:16,11/30/2024,18:20:40,0:23:24,Yes,0:09:40,580.00,1404.00,,,
214,11/30/2024,18:03:41,11/30/2024,18:20:40,11/30/2024,18:20:58,0:00:18,Yes,0:18:01,1081.00,18.00,,,
215,11/30/2024,18:10:17,11/30/2024,18:20:58,11/30/2024,18:21:35,0:00:37,Yes,0:06:36,396.00,37.00,,,
216,11/30/2024,18:14:56,11/30/2024,18:21:35,11/30/2024,18:27:01,0:05:26,Yes,0:04:39,279.00,326.00,,,
217,11/30/2024,18:16:31,11/30/2024,18:27:01,11/30/2024,18:28:51,0:01:50,Yes,0:01:35,95.00,110.00,,,
218,11/30/2024,18:17:14,11/30/2024,18:28:51,11/30/2024,18:29:27,0:00:36,Yes,0:00:43,43.00,36.00,,,
219,11/30/2024,18:21:53,11/30/2024,18:29:27,11/30/2024,18:30:04,0:00:37,Yes,0:04:39,279.00,37.00,,,
220,11/30/2024,18:23:10,11/30/2024,18:30:04,11/30/2024,18:30:48,0:00:44,Yes,0:01:17,77.00,44.00,,,
221,11/30/2024,18:25:52,11/30/2024,18:30:48,11/30/2024,18:36:37,0:05:49,Yes,0:02:42,162.00,349.00,,,
222,11/30/2024,18:26:14,11/30/2024,18:36:37,11/30/2024,18:37:31,0:00:54,Yes,0:00:22,22.00,54.00,,,
223,11/30/2024,18:26:53,11/30/2024,18:37:31,11/30/2024,18:39:35,0:02:04,Yes,0:00:39,39.00,124.00,,,
224,11/30/2024,18:39:53,11/30/2024,18:39:53,11/30/2024,18:43:08,0:03:15,No,0:13:00,780.00,195.00,,,
225,11/30/2024,18:50:14,11/30/2024,18:50:14,11/30/2024,18:52:20,0:02:06,No,0:10:21,621.00,126.00,,,
226,11/30/2024,18:51:15,11/30/2024,18:52:20,11/30/2024,18:54:35,0:02:15,Yes,0:01:01,61.00,135.00,,,
227,11/30/2024,19:05:05,11/30/2024,19:05:05,11/30/2024,19:13:01,0:07:56,No,0:13:50,830.00,476.00,,,
228,11/30/2024,19:12:22,11/30/2024,19:13:01,11/30/2024,19:26:28,0:13:27,Yes,0:07:17,437.00,807.00,,,
229,11/30/2024,19:26:11,11/30/2024,19:26:28,11/30/2024,19:29:30,0:03:02,Yes,0:13:49,829.00,182.00,,,
230,11/30/2024,19:33:36,11/30/2024,19:33:36,11/30/2024,19:34:03,0:00:27,No,0:07:25,445.00,27.00,,,
231,11/30/2024,19:34:58,11/30/2024,19:34:58,11/30/2024,19:40:36,0:05:38,No,0:01:22,82.00,338.00,,,
232,11/30/2024,19:38:43,11/30/2024,19:40:36,11/30/2024,19:41:54,0:01:18,Yes,0:03:45,225.00,78.00,,,
233,11/30/2024,19:43:58,11/30/2024,19:43:58,11/30/2024,19:46:14,0:02:16,No,0:05:15,315.00,136.00,,,
234,11/30/2024,19:45:47,11/30/2024,19:46:14,11/30/2024,19:48:21,0:02:07,Yes,0:01:49,109.00,127.00,,,
235,11/30/2024,19:50:35,11/30/2024,19:50:35,11/30/2024,19:51:58,0:01:23,No,0:04:48,288.00,83.00,,,
236,11/30/2024,19:53:54,11/30/2024,19:53:54,11/30/2024,20:03:56,0:10:02,No,0:03:19,199.00,602.00,,,
237,11/30/2024,20:01:47,11/30/2024,20:03:56,11/30/2024,20:06:37,0:02:41,Yes,0:07:53,473.00,161.00,,,
238,11/30/2024,20:11:24,11/30/2024,20:11:24,11/30/2024,20:18:23,0:06:59,No,0:09:37,577.00,419.00,,,
239,11/30/2024,20:12:31,11/30/2024,20:18:23,11/30/2024,20:36:17,0:17:54,Yes,0:01:07,67.00,1074.00,,,
240,11/30/2024,20:31:44,11/30/2024,20:36:17,11/30/2024,20:40:14,0:03:57,Yes,0:19:13,1153.00,237.00,,,
241,11/30/2024,20:32:42,11/30/2024,20:40:14,11/30/2024,20:43:19,0:03:05,Yes,0:00:58,58.00,185.00,,,
242,11/30/2024,20:37:36,11/30/2024,20:43:19,11/30/2024,20:45:55,0:02:36,Yes,0:04:54,294.00,156.00,,,
243,11/30/2024,20:38:39,11/30/2024,20:45:55,11/30/2024,20:46:16,0:00:21,Yes,0:01:03,63.00,21.00,,,
244,11/30/2024,20:44:53,11/30/2024,20:46:16,11/30/2024,20:47:07,0:00:51,Yes,0:06:14,374.00,51.00,,,
245,11/30/2024,20:53:14,11/30/2024,20:53:14,11/30/2024,20:58:25,0:05:11,No,0:08:21,501.00,311.00,,,
246,11/30/2024,20:55:11,11/30/2024,20:58:25,11/30/2024,20:59:44,0:01:19,Yes,0:01:57,117.00,79.00,,,
247,11/30/2024,21:00:15,11/30/2024,21:00:15,11/30/2024,21:02:23,0:02:08,No,0:05:04,304.00,128.00,,,
248,11/30/2024,21:00:37,11/30/2024,21:02:23,11/30/2024,21:02:34,0:00:11,Yes,0:00:22,22.00,11.00,,,
249,11/30/2024,21:13:58,11/30/2024,21:13:58,11/30/2024,21:19:03,0:05:05,No,0:13:21,801.00,305.00,,,
250,11/30/2024,21:22:21,11/30/2024,21:22:21,11/30/2024,21:22:29,0:00:08,No,0:08:23,503.00,8.00,,,
251,11/30/2024,21:26:29,11/30/2024,21:26:29,11/30/2024,21:28:03,0:01:34,No,0:04:08,248.00,94.00,,,
252,11/30/2024,21:27:19,11/30/2024,21:28:03,11/30/2024,21:29:52,0:01:49,Yes,0:00:50,50.00,109.00,,,
253,11/30/2024,21:29:38,11/30/2024,21:29:52,11/30/2024,21:39:29,0:09:37,Yes,0:02:19,139.00,577.00,,,
254,11/30/2024,21:38:11,11/30/2024,21:39:29,11/30/2024,21:44:36,0:05:07,Yes,0:08:33,513.00,307.00,,,
255,11/30/2024,21:40:38,11/30/2024,21:44:36,11/30/2024,21:45:02,0:00:26,Yes,0:02:27,147.00,26.00,,,
256,11/30/2024,21:48:27,11/30/2024,21:48:27,11/30/2024,21:52:03,0:03:36,No,0:07:49,469.00,216.00,,,
257,11/30/2024,21:54:05,11/30/2024,21:54:05,11/30/2024,22:04:27,0:10:22,No,0:05:38,338.00,622.00,,,
258,11/30/2024,21:55:49,11/30/2024,22:04:27,11/30/2024,22:19:10,0:14:43,Yes,0:01:44,104.00,883.00,,,
259,11/30/2024,21:56:03,11/30/2024,22:19:10,11/30/2024,22:20:20,0:01:10,Yes,0:00:14,14.00,70.00,,,
260,11/30/2024,22:01:31,11/30/2024,22:20:20,11/30/2024,22:28:58,0:08:38,Yes,0:05:28,328.00,518.00,,,
261,11/30/2024,22:08:39,11/30/2024,22:28:58,11/30/2024,22:30:00,0:01:02,Yes,0:07:08,428.00,62.00,,,
262,11/30/2024,22:11:14,11/30/2024,22:30:00,11/30/2024,22:34:26,0:04:26,Yes,0:02:35,155.00,266.00,,,
263,11/30/2024,22:19:22,11/30/2024,22:34:26,11/30/2024,22:39:06,0:04:40,Yes,0:08:08,488.00,280.00,,,
264,11/30/2024,22:30:20,11/30/2024,22:39:06,11/30/2024,22:40:50,0:01:44,Yes,0:10:58,658.00,104.00,,,
265,11/30/2024,22:31:11,11/30/2024,22:40:50,11/30/2024,22:47:51,0:07:01,Yes,0:00:51,51.00,421.00,,,
266,11/30/2024,22:35:04,11/30/2024,22:47:51,11/30/2024,22:55:54,0:08:03,Yes,0:03:53,233.00,483.00,,,
267,11/30/2024,22:42:59,11/30/2024,22:55:54,11/30/2024,22:57:54,0:02:00,Yes,0:07:55,475.00,120.00,,,
268,11/30/2024,22:46:05,11/30/2024,22:57:54,11/30/2024,23:01:10,0:03:16,Yes,0:03:06,186.00,196.00,,,
269,11/30/2024,22:59:00,11/30/2024,23:01:10,11/30/2024,23:09:26,0:08:16,Yes,0:12:55,775.00,496.00,,,
270,11/30/2024,23:02:13,11/30/2024,23:09:26,11/30/2024,23:12:49,0:03:23,Yes,0:03:13,193.00,203.00,,,
271,11/30/2024,23:07:59,11/30/2024,23:12:49,11/30/2024,23:28:58,0:16:09,Yes,0:05:46,346.00,969.00,,,
272,11/30/2024,23:11:27,11/30/2024,23:28:58,11/30/2024,23:30:39,0:01:41,Yes,0:03:28,208.00,101.00,,,
273,11/30/2024,23:19:07,11/30/2024,23:30:39,11/30/2024,23:33:23,0:02:44,Yes,0:07:40,460.00,164.00,,,
274,11/30/2024,23:22:16,11/30/2024,23:33:23,11/30/2024,23:34:08,0:00:45,Yes,0:03:09,189.00,45.00,,,
275,11/30/2024,23:26:53,11/30/2024,23:34:08,11/30/2024,23:39:44,0:05:36,Yes,0:04:37,277.00,336.00,,,
276,11/30/2024,23:28:46,11/30/2024,23:39:44,11/30/2024,23:40:57,0:01:13,Yes,0:01:53,113.00,73.00,,,
277,11/30/2024,23:29:10,11/30/2024,23:40:57,11/30/2024,23:41:24,0:00:27,Yes,0:00:24,24.00,27.00,,,
278,11/30/2024,23:30:57,11/30/2024,23:41:24,11/30/2024,23:47:22,0:05:58,Yes,0:01:47,107.00,358.00,,,
279,11/30/2024,23:37:18,11/30/2024,23:47:22,11/30/2024,23:53:42,0:06:20,Yes,0:06:21,381.00,380.00,,,
280,11/30/2024,23:48:20,11/30/2024,23:53:42,11/30/2024,23:55:07,0:01:25,Yes,0:11:02,662.00,85.00,,,
281,11/30/2024,23:52:06,11/30/2024,23:55:07,11/30/2024,23:55:37,0:00:30,Yes,0:03:46,226.00,30.00,,,
282,11/30/2024,23:52:16,11/30/2024,23:55:37,12/1/2024,0:00:38,0:05:01,Yes,0:00:10,10.00,301.00,,,
283,11/30/2024,23:55:09,12/1/2024,0:00:38,12/1/2024,0:00:45,0:00:07,No,0:02:53,173.00,7.00,,,
284,12/1/2024,0:00:41,12/1/2024,0:00:45,12/1/2024,0:02:23,0:01:38,Yes,0:05:32,332.00,98.00,,,
285,12/1/2024,0:06:29,12/1/2024,0:06:29,12/1/2024,0:13:49,0:07:20,No,0:05:48,348.00,440.00,,,
286,12/1/2024,0:10:41,12/1/2024,0:13:49,12/1/2024,0:18:16,0:04:27,Yes,0:04:12,252.00,267.00,,,
287,12/1/2024,0:22:29,12/1/2024,0:22:29,12/1/2024,0:35:57,0:13:28,No,0:11:48,708.00,808.00,,,
288,12/1/2024,0:28:15,12/1/2024,0:35:57,12/1/2024,0:42:23,0:06:26,Yes,0:05:46,346.00,386.00,,,
289,12/1/2024,0:37:18,12/1/2024,0:42:23,12/1/2024,0:53:03,0:10:40,Yes,0:09:03,543.00,640.00,,,
290,12/1/2024,0:37:40,12/1/2024,0:53:03,12/1/2024,0:56:19,0:03:16,Yes,0:00:22,22.00,196.00,,,
291,12/1/2024,0:37:42,12/1/2024,0:56:19,12/1/2024,1:01:17,0:04:58,Yes,0:00:02,2.00,298.00,,,
292,12/1/2024,0:38:53,12/1/2024,1:01:17,12/1/2024,1:02:21,0:01:04,Yes,0:01:11,71.00,64.00,,,
293,12/1/2024,0:50:53,12/1/2024,1:02:21,12/1/2024,1:04:01,0:01:40,Yes,0:12:00,720.00,100.00,,,
294,12/1/2024,0:52:16,12/1/2024,1:04:01,12/1/2024,1:08:00,0:03:59,Yes,0:01:23,83.00,239.00,,,
295,12/1/2024,1:01:04,12/1/2024,1:08:00,12/1/2024,1:08:27,0:00:27,Yes,0:08:48,528.00,27.00,,,
296,12/1/2024,1:04:45,12/1/2024,1:08:27,12/1/2024,1:13:07,0:04:40,Yes,0:03:41,221.00,280.00,,,
297,12/1/2024,1:07:54,12/1/2024,1:13:07,12/1/2024,1:16:44,0:03:37,Yes,0:03:09,189.00,217.00,,,
298,12/1/2024,1:12:23,12/1/2024,1:16:44,12/1/2024,1:20:09,0:03:25,Yes,0:04:29,269.00,205.00,,,
299,12/1/2024,1:18:09,12/1/2024,1:20:09,12/1/2024,1:25:22,0:05:13,Yes,0:05:46,346.00,313.00,,,
300,12/1/2024,1:22:51,12/1/2024,1:25:22,12/1/2024,1:25:42,0:00:20,Yes,0:04:42,282.00,20.00,,,
301,12/1/2024,1:37:42,12/1/2024,1:37:42,12/1/2024,1:38:25,0:00:43,No,0:14:51,891.00,43.00,,,
302,12/1/2024,1:37:53,12/1/2024,1:38:25,12/1/2024,1:38:33,0:00:08,Yes,0:00:11,11.00,8.00,,,
303,12/1/2024,1:39:40,12/1/2024,1:39:40,12/1/2024,1:46:07,0:06:27,No,0:01:47,107.00,387.00,,,
304,12/1/2024,1:39:46,12/1/2024,1:46:07,12/1/2024,1:49:24,0:03:17,Yes,0:00:06,6.00,197.00,,,
305,12/1/2024,1:44:17,12/1/2024,1:49:24,12/1/2024,1:51:58,0:02:34,Yes,0:04:31,271.00,154.00,,,
306,12/1/2024,1:45:50,12/1/2024,1:51:58,12/1/2024,2:05:30,0:13:32,Yes,0:01:33,93.00,812.00,,,
307,12/1/2024,1:49:00,12/1/2024,2:05:30,12/1/2024,2:09:29,0:03:59,Yes,0:03:10,190.00,239.00,,,
308,12/1/2024,2:04:11,12/1/2024,2:09:29,12/1/2024,2:12:13,0:02:44,Yes,0:15:11,911.00,164.00,,,
309,12/1/2024,2:06:34,12/1/2024,2:12:13,12/1/2024,2:24:28,0:12:15,Yes,0:02:23,143.00,735.00,,,
310,12/1/2024,2:12:01,12/1/2024,2:24:28,12/1/2024,2:26:48,0:02:20,Yes,0:05:27,327.00,140.00,,,
311,12/1/2024,2:15:18,12/1/2024,2:26:48,12/1/2024,2:26:49,0:00:01,Yes,0:03:17,197.00,1.00,,,
312,12/1/2024,2:15:39,12/1/2024,2:26:49,12/1/2024,2:29:40,0:02:51,Yes,0:00:21,21.00,171.00,,,
313,12/1/2024,2:19:37,12/1/2024,2:29:40,12/1/2024,2:32:26,0:02:46,Yes,0:03:58,238.00,166.00,,,
314,12/1/2024,2:22:37,12/1/2024,2:32:26,12/1/2024,2:34:24,0:01:58,Yes,0:03:00,180.00,118.00,,,
315,12/1/2024,2:35:21,12/1/2024,2:35:21,12/1/2024,2:38:21,0:03:00,No,0:12:44,764.00,180.00,,,
316,12/1/2024,2:38:40,12/1/2024,2:38:40,12/1/2024,2:40:38,0:01:58,No,0:03:19,199.00,118.00,,,
317,12/1/2024,2:42:41,12/1/2024,2:42:41,12/1/2024,2:44:03,0:01:22,No,0:04:01,241.00,82.00,,,
318,12/1/2024,2:45:12,12/1/2024,2:45:12,12/1/2024,2:52:16,0:07:04,No,0:02:31,151.00,424.00,,,
319,12/1/2024,2:45:29,12/1/2024,2:52:16,12/1/2024,2:53:37,0:01:21,Yes,0:00:17,17.00,81.00,,,
320,12/1/2024,2:48:31,12/1/2024,2:53:37,12/1/2024,2:55:47,0:02:10,Yes,0:03:02,182.00,130.00,,,
321,12/1/2024,2:54:41,12/1/2024,2:55:47,12/1/2024,2:57:16,0:01:29,Yes,0:06:10,370.00,89.00,,,
322,12/1/2024,2:59:42,12/1/2024,2:59:42,12/1/2024,3:00:26,0:00:44,No,0:05:01,301.00,44.00,,,
323,12/1/2024,3:09:50,12/1/2024,3:09:50,12/1/2024,3:15:03,0:05:13,No,0:10:08,608.00,313.00,,,
324,12/1/2024,3:10:31,12/1/2024,3:15:03,12/1/2024,3:20:42,0:05:39,Yes,0:00:41,41.00,339.00,,,
325,12/1/2024,3:12:22,12/1/2024,3:20:42,12/1/2024,3:23:16,0:02:34,Yes,0:01:51,111.00,154.00,,,
326,12/1/2024,3:14:01,12/1/2024,3:23:16,12/1/2024,3:25:00,0:01:44,Yes,0:01:39,99.00,104.00,,,
327,12/1/2024,3:14:19,12/1/2024,3:25:00,12/1/2024,3:27:18,0:02:18,Yes,0:00:18,18.00,138.00,,,
328,12/1/2024,3:14:25,12/1/2024,3:27:18,12/1/2024,3:41:52,0:14:34,Yes,0:00:06,6.00,874.00,,,
329,12/1/2024,3:31:55,12/1/2024,3:41:52,12/1/2024,3:48:59,0:07:07,Yes,0:17:30,1050.00,427.00,,,
330,12/1/2024,3:48:25,12/1/2024,3:48:59,12/1/2024,3:49:47,0:00:48,Yes,0:16:30,990.00,48.00,,,
331,12/1/2024,3:49:06,12/1/2024,3:49:47,12/1/2024,3:59:15,0:09:28,Yes,0:00:41,41.00,568.00,,,
332,12/1/2024,3:50:37,12/1/2024,3:59:15,12/1/2024,4:00:55,0:01:40,Yes,0:01:31,91.00,100.00,,,
333,12/1/2024,3:52:09,12/1/2024,4:00:55,12/1/2024,4:01:25,0:00:30,Yes,0:01:32,92.00,30.00,,,
334,12/1/2024,3:58:31,12/1/2024,4:01:25,12/1/2024,4:04:43,0:03:18,Yes,0:06:22,382.00,198.00,,,
335,12/1/2024,4:01:38,12/1/2024,4:04:43,12/1/2024,4:09:46,0:05:03,Yes,0:03:07,187.00,303.00,,,
336,12/1/2024,4:02:07,12/1/2024,4:09:46,12/1/2024,4:11:09,0:01:23,Yes,0:00:29,29.00,83.00,,,
337,12/1/2024,4:04:02,12/1/2024,4:11:09,12/1/2024,4:17:53,0:06:44,Yes,0:01:55,115.00,404.00,,,
338,12/1/2024,4:04:54,12/1/2024,4:17:53,12/1/2024,4:26:29,0:08:36,Yes,0:00:52,52.00,516.00,,,
339,12/1/2024,4:10:50,12/1/2024,4:26:29,12/1/2024,4:36:47,0:10:18,Yes,0:05:56,356.00,618.00,,,
340,12/1/2024,4:17:33,12/1/2024,4:36:47,12/1/2024,4:37:54,0:01:07,Yes,0:06:43,403.00,67.00,,,
341,12/1/2024,4:35:46,12/1/2024,4:37:54,12/1/2024,4:38:25,0:00:31,Yes,0:18:13,1093.00,31.00,,,
342,12/1/2024,4:36:26,12/1/2024,4:38:25,12/1/2024,4:42:05,0:03:40,Yes,0:00:40,40.00,220.00,,,
343,12/1/2024,4:42:43,12/1/2024,4:42:43,12/1/2024,4:45:45,0:03:02,No,0:06:17,377.00,182.00,,,
344,12/1/2024,4:48:32,12/1/2024,4:48:32,12/1/2024,4:49:36,0:01:04,No,0:05:49,349.00,64.00,,,
345,12/1/2024,4:49:04,12/1/2024,4:49:36,12/1/2024,4:52:15,0:02:39,Yes,0:00:32,32.00,159.00,,,
346,12/1/2024,4:50:44,12/1/2024,4:52:15,12/1/2024,5:05:54,0:13:39,Yes,0:01:40,100.00,819.00,,,
347,12/1/2024,4:50:56,12/1/2024,5:05:54,12/1/2024,5:05:58,0:00:04,Yes,0:00:12,12.00,4.00,,,
348,12/1/2024,4:51:15,12/1/2024,5:05:58,12/1/2024,5:06:29,0:00:31,Yes,0:00:19,19.00,31.00,,,
349,12/1/2024,4:51:20,12/1/2024,5:06:29,12/1/2024,5:07:47,0:01:18,Yes,0:00:05,5.00,78.00,,,
350,12/1/2024,4:56:33,12/1/2024,5:07:47,12/1/2024,5:11:46,0:03:59,Yes,0:05:13,313.00,239.00,,,
351,12/1/2024,4:56:39,12/1/2024,5:11:46,12/1/2024,5:15:13,0:03:27,Yes,0:00:06,6.00,207.00,,,
352,12/1/2024,4:58:31,12/1/2024,5:15:13,12/1/2024,5:30:50,0:15:37,Yes,0:01:52,112.00,937.00,,,
353,12/1/2024,5:06:03,12/1/2024,5:30:50,12/1/2024,5:31:02,0:00:12,Yes,0:07:32,452.00,12.00,,,
354,12/1/2024,5:09:04,12/1/2024,5:31:02,12/1/2024,5:32:13,0:01:11,Yes,0:03:01,181.00,71.00,,,
355,12/1/2024,5:16:51,12/1/2024,5:32:13,12/1/2024,5:34:28,0:02:15,Yes,0:07:47,467.00,135.00,,,
356,12/1/2024,5:20:05,12/1/2024,5:34:28,12/1/2024,5:38:02,0:03:34,Yes,0:03:14,194.00,214.00,,,
357,12/1/2024,5:25:10,12/1/2024,5:38:02,12/1/2024,5:41:26,0:03:24,Yes,0:05:05,305.00,204.00,,,
358,12/1/2024,5:31:07,12/1/2024,5:41:26,12/1/2024,5:42:05,0:00:39,Yes,0:05:57,357.00,39.00,,,
359,12/1/2024,5:32:25,12/1/2024,5:42:05,12/1/2024,5:43:02,0:00:57,Yes,0:01:18,78.00,57.00,,,
360,12/1/2024,5:45:32,12/1/2024,5:45:32,12/1/2024,5:49:46,0:04:14,No,0:13:07,787.00,254.00,,,
361,12/1/2024,6:04:54,12/1/2024,6:04:54,12/1/2024,6:17:54,0:13:00,No,0:19:22,1162.00,780.00,,,
362,12/1/2024,6:06:56,12/1/2024,6:17:54,12/1/2024,6:18:15,0:00:21,Yes,0:02:02,122.00,21.00,,,
363,12/1/2024,6:09:29,12/1/2024,6:18:15,12/1/2024,6:19:42,0:01:27,Yes,0:02:33,153.00,87.00,,,
364,12/1/2024,6:09:38,12/1/2024,6:19:42,12/1/2024,6:34:40,0:14:58,Yes,0:00:09,9.00,898.00,,,
365,12/1/2024,6:12:23,12/1/2024,6:34:40,12/1/2024,6:41:26,0:06:46,Yes,0:02:45,165.00,406.00,,,
366,12/1/2024,6:18:23,12/1/2024,6:41:26,12/1/2024,6:41:51,0:00:25,Yes,0:06:00,360.00,25.00,,,
367,12/1/2024,6:33:59,12/1/2024,6:41:51,12/1/2024,6:47:29,0:05:38,Yes,0:15:36,936.00,338.00,,,
368,12/1/2024,6:39:45,12/1/2024,6:47:29,12/1/2024,6:50:06,0:02:37,Yes,0:05:46,346.00,157.00,,,
369,12/1/2024,6:43:41,12/1/2024,6:50:06,12/1/2024,6:53:00,0:02:54,Yes,0:03:56,236.00,174.00,,,
370,12/1/2024,6:44:44,12/1/2024,6:53:00,12/1/2024,6:57:32,0:04:32,Yes,0:01:03,63.00,272.00,,,
371,12/1/2024,6:47:20,12/1/2024,6:57:32,12/1/2024,6:58:34,0:01:02,Yes,0:02:36,156.00,62.00,,,
372,12/1/2024,6:50:47,12/1/2024,6:58:34,12/1/2024,6:58:47,0:00:13,Yes,0:03:27,207.00,13.00,,,
373,12/1/2024,6:54:36,12/1/2024,6:58:47,12/1/2024,7:05:47,0:07:00,Yes,0:03:49,229.00,420.00,,,
374,12/1/2024,7:04:09,12/1/2024,7:05:47,12/1/2024,7:06:05,0:00:18,Yes,0:09:33,573.00,18.00,,,
375,12/1/2024,7:07:20,12/1/2024,7:07:20,12/1/2024,7:17:10,0:09:50,No,0:03:11,191.00,590.00,,,
376,12/1/2024,7:14:09,12/1/2024,7:17:10,12/1/2024,7:23:15,0:06:05,Yes,0:06:49,409.00,365.00,,,
377,12/1/2024,7:15:05,12/1/2024,7:23:15,12/1/2024,7:28:47,0:05:32,Yes,0:00:56,56.00,332.00,,,
378,12/1/2024,7:18:05,12/1/2024,7:28:47,12/1/2024,7:29:26,0:00:39,Yes,0:03:00,180.00,39.00,,,
379,12/1/2024,7:18:24,12/1/2024,7:29:26,12/1/2024,7:31:09,0:01:43,Yes,0:00:19,19.00,103.00,,,
380,12/1/2024,7:19:39,12/1/2024,7:31:09,12/1/2024,7:34:24,0:03:15,Yes,0:01:15,75.00,195.00,,,
381,12/1/2024,7:22:06,12/1/2024,7:34:24,12/1/2024,7:35:22,0:00:58,Yes,0:02:27,147.00,58.00,,,
382,12/1/2024,7:34:20,12/1/2024,7:35:22,12/1/2024,7:37:09,0:01:47,Yes,0:12:14,734.00,107.00,,,
383,12/1/2024,7:38:49,12/1/2024,7:38:49,12/1/2024,7:46:27,0:07:38,No,0:04:29,269.00,458.00,,,
384,12/1/2024,7:39:57,12/1/2024,7:46:27,12/1/2024,7:47:00,0:00:33,Yes,0:01:08,68.00,33.00,,,
385,12/1/2024,7:42:29,12/1/2024,7:47:00,12/1/2024,7:48:22,0:01:22,Yes,0:02:32,152.00,82.00,,,
386,12/1/2024,7:44:08,12/1/2024,7:48:22,12/1/2024,7:49:16,0:00:54,Yes,0:01:39,99.00,54.00,,,
387,12/1/2024,7:46:30,12/1/2024,7:49:16,12/1/2024,8:09:47,0:20:31,Yes,0:02:22,142.00,1231.00,,,
388,12/1/2024,7:46:42,12/1/2024,8:09:47,12/1/2024,8:14:29,0:04:42,Yes,0:00:12,12.00,282.00,,,
389,12/1/2024,7:46:43,12/1/2024,8:14:29,12/1/2024,8:15:35,0:01:06,Yes,0:00:01,1.00,66.00,,,
390,12/1/2024,7:52:12,12/1/2024,8:15:35,12/1/2024,8:16:27,0:00:52,Yes,0:05:29,329.00,52.00,,,
391,12/1/2024,7:55:39,12/1/2024,8:16:27,12/1/2024,8:19:00,0:02:33,Yes,0:03:27,207.00,153.00,,,
392,12/1/2024,7:58:43,12/1/2024,8:19:00,12/1/2024,8:27:53,0:08:53,Yes,0:03:04,184.00,533.00,,,
393,12/1/2024,8:09:56,12/1/2024,8:27:53,12/1/2024,8:28:35,0:00:42,Yes,0:11:13,673.00,42.00,,,
394,12/1/2024,8:21:20,12/1/2024,8:28:35,12/1/2024,8:30:08,0:01:33,Yes,0:11:24,684.00,93.00,,,
395,12/1/2024,8:21:52,12/1/2024,8:30:08,12/1/2024,8:30:22,0:00:14,Yes,0:00:32,32.00,14.00,,,
396,12/1/2024,8:30:45,12/1/2024,8:30:45,12/1/2024,8:35:26,0:04:41,No,0:08:53,533.00,281.00,,,
397,12/1/2024,8:49:30,12/1/2024,8:49:30,12/1/2024,8:51:05,0:01:35,No,0:18:45,1125.00,95.00,,,
398,12/1/2024,8:49:43,12/1/2024,8:51:05,12/1/2024,8:54:30,0:03:25,Yes,0:00:13,13.00,205.00,,,
399,12/1/2024,9:02:01,12/1/2024,9:02:01,12/1/2024,9:11:24,0:09:23,No,0:12:18,738.00,563.00,,,
400,12/1/2024,9:06:08,12/1/2024,9:11:24,12/1/2024,9:14:17,0:02:53,Yes,0:04:07,247.00,173.00,,,
401,12/1/2024,9:13:01,12/1/2024,9:14:17,12/1/2024,9:14:43,0:00:26,Yes,0:06:53,413.00,26.00,,,
402,12/1/2024,9:13:53,12/1/2024,9:14:43,12/1/2024,9:30:09,0:15:26,Yes,0:00:52,52.00,926.00,,,
403,12/1/2024,9:16:57,12/1/2024,9:30:09,12/1/2024,9:38:27,0:08:18,Yes,0:03:04,184.00,498.00,,,
404,12/1/2024,9:26:58,12/1/2024,9:38:27,12/1/2024,9:39:33,0:01:06,Yes,0:10:01,601.00,66.00,,,
405,12/1/2024,9:31:59,12/1/2024,9:39:33,12/1/2024,9:41:17,0:01:44,Yes,0:05:01,301.00,104.00,,,
406,12/1/2024,9:34:08,12/1/2024,9:41:17,12/1/2024,9:43:30,0:02:13,Yes,0:02:09,129.00,133.00,,,
407,12/1/2024,9:37:26,12/1/2024,9:43:30,12/1/2024,9:52:30,0:09:00,Yes,0:03:18,198.00,540.00,,,
408,12/1/2024,9:39:21,12/1/2024,9:52:30,12/1/2024,10:03:08,0:10:38,Yes,0:01:55,115.00,638.00,,,
409,12/1/2024,9:39:34,12/1/2024,10:03:08,12/1/2024,10:05:42,0:02:34,Yes,0:00:13,13.00,154.00,,,
410,12/1/2024,9:48:20,12/1/2024,10:05:42,12/1/2024,10:06:54,0:01:12,Yes,0:08:46,526.00,72.00,,,
411,12/1/2024,9:51:56,12/1/2024,10:06:54,12/1/2024,10:13:27,0:06:33,Yes,0:03:36,216.00,393.00,,,
412,12/1/2024,9:53:17,12/1/2024,10:13:27,12/1/2024,10:13:55,0:00:28,Yes,0:01:21,81.00,28.00,,,
413,12/1/2024,9:53:41,12/1/2024,10:13:55,12/1/2024,10:22:55,0:09:00,Yes,0:00:24,24.00,540.00,,,
414,12/1/2024,10:01:13,12/1/2024,10:22:55,12/1/2024,10:23:27,0:00:32,Yes,0:07:32,452.00,32.00,,,
415,12/1/2024,10:05:21,12/1/2024,10:23:27,12/1/2024,10:28:04,0:04:37,Yes,0:04:08,248.00,277.00,,,
416,12/1/2024,10:06:11,12/1/2024,10:28:04,12/1/2024,10:32:08,0:04:04,Yes,0:00:50,50.00,244.00,,,
417,12/1/2024,10:14:43,12/1/2024,10:32:08,12/1/2024,10:34:43,0:02:35,Yes,0:08:32,512.00,155.00,,,
418,12/1/2024,10:27:49,12/1/2024,10:34:43,12/1/2024,10:38:01,0:03:18,Yes,0:13:06,786.00,198.00,,,
419,12/1/2024,10:32:31,12/1/2024,10:38:01,12/1/2024,10:39:51,0:01:50,Yes,0:04:42,282.00,110.00,,,
420,12/1/2024,10:36:11,12/1/2024,10:39:51,12/1/2024,10:42:44,0:02:53,Yes,0:03:40,220.00,173.00,,,
421,12/1/2024,10:55:55,12/1/2024,10:55:55,12/1/2024,11:02:38,0:06:43,No,0:19:44,1184.00,403.00,,,
422,12/1/2024,10:57:05,12/1/2024,11:02:38,12/1/2024,11:04:21,0:01:43,Yes,0:01:10,70.00,103.00,,,
423,12/1/2024,10:57:33,12/1/2024,11:04:21,12/1/2024,11:11:14,0:06:53,Yes,0:00:28,28.00,413.00,,,
424,12/1/2024,11:03:32,12/1/2024,11:11:14,12/1/2024,11:14:12,0:02:58,Yes,0:05:59,359.00,178.00,,,
425,12/1/2024,11:12:54,12/1/2024,11:14:12,12/1/2024,11:18:06,0:03:54,Yes,0:09:22,562.00,234.00,,,
426,12/1/2024,11:18:10,12/1/2024,11:18:10,12/1/2024,11:19:29,0:01:19,No,0:05:16,316.00,79.00,,,
427,12/1/2024,11:19:46,12/1/2024,11:19:46,12/1/2024,11:21:36,0:01:50,No,0:01:36,96.00,110.00,,,
428,12/1/2024,11:22:04,12/1/2024,11:22:04,12/1/2024,11:22:38,0:00:34,No,0:02:18,138.00,34.00,,,
429,12/1/2024,11:25:33,12/1/2024,11:25:33,12/1/2024,11:26:07,0:00:34,No,0:03:29,209.00,34.00,,,
430,12/1/2024,11:25:55,12/1/2024,11:26:07,12/1/2024,11:29:34,0:03:27,Yes,0:00:22,22.00,207.00,,,
431,12/1/2024,11:28:01,12/1/2024,11:29:34,12/1/2024,11:29:37,0:00:03,Yes,0:02:06,126.00,3.00,,,
432,12/1/2024,11:30:09,12/1/2024,11:30:09,12/1/2024,11:30:10,0:00:01,No,0:02:08,128.00,1.00,,,
433,12/1/2024,11:49:47,12/1/2024,11:49:47,12/1/2024,11:50:11,0:00:24,No,0:19:38,1178.00,24.00,,,
434,12/1/2024,11:56:36,12/1/2024,11:56:36,12/1/2024,11:57:05,0:00:29,No,0:06:49,409.00,29.00,,,
435,12/1/2024,11:58:50,12/1/2024,11:58:50,12/1/2024,12:01:12,0:02:22,No,0:02:14,134.00,142.00,,,
436,12/1/2024,12:07:39,12/1/2024,12:07:39,12/1/2024,12:15:24,0:07:45,No,0:08:49,529.00,465.00,,,
437,12/1/2024,12:12:26,12/1/2024,12:15:24,12/1/2024,12:17:06,0:01:42,Yes,0:04:47,287.00,102.00,,,
438,12/1/2024,12:15:29,12/1/2024,12:17:06,12/1/2024,12:17:37,0:00:31,Yes,0:03:03,183.00,31.00,,,
439,12/1/2024,12:15:29,12/1/2024,12:17:37,12/1/2024,12:35:26,0:17:49,Yes,0:00:00,0.00,1069.00,,,
440,12/1/2024,12:23:21,12/1/2024,12:35:26,12/1/2024,12:38:19,0:02:53,Yes,0:07:52,472.00,173.00,,,
441,12/1/2024,12:40:07,12/1/2024,12:40:07,12/1/2024,12:45:27,0:05:20,No,0:16:46,1006.00,320.00,,,
442,12/1/2024,12:41:05,12/1/2024,12:45:27,12/1/2024,12:53:43,0:08:16,Yes,0:00:58,58.00,496.00,,,
443,12/1/2024,12:45:59,12/1/2024,12:53:43,12/1/2024,12:54:05,0:00:22,Yes,0:04:54,294.00,22.00,,,
444,12/1/2024,12:46:15,12/1/2024,12:54:05,12/1/2024,12:55:15,0:01:10,Yes,0:00:16,16.00,70.00,,,
445,12/1/2024,12:49:13,12/1/2024,12:55:15,12/1/2024,12:56:56,0:01:41,Yes,0:02:58,178.00,101.00,,,
446,12/1/2024,13:00:07,12/1/2024,13:00:07,12/1/2024,13:07:54,0:07:47,No,0:10:54,654.00,467.00,,,
447,12/1/2024,13:02:04,12/1/2024,13:07:54,12/1/2024,13:11:40,0:03:46,Yes,0:01:57,117.00,226.00,,,
448,12/1/2024,13:02:56,12/1/2024,13:11:40,12/1/2024,13:19:02,0:07:22,Yes,0:00:52,52.00,442.00,,,
449,12/1/2024,13:11:15,12/1/2024,13:19:02,12/1/2024,13:23:41,0:04:39,Yes,0:08:19,499.00,279.00,,,
450,12/1/2024,13:22:23,12/1/2024,13:23:41,12/1/2024,13:30:23,0:06:42,Yes,0:11:08,668.00,402.00,,,
451,12/1/2024,13:22:57,12/1/2024,13:30:23,12/1/2024,13:49:13,0:18:50,Yes,0:00:34,34.00,1130.00,,,
452,12/1/2024,13:26:33,12/1/2024,13:49:13,12/1/2024,13:49:30,0:00:17,Yes,0:03:36,216.00,17.00,,,
453,12/1/2024,13:36:37,12/1/2024,13:49:30,12/1/2024,13:53:13,0:03:43,Yes,0:10:04,604.00,223.00,,,
454,12/1/2024,13:36:46,12/1/2024,13:53:13,12/1/2024,13:53:51,0:00:38,Yes,0:00:09,9.00,38.00,,,
455,12/1/2024,13:45:22,12/1/2024,13:53:51,12/1/2024,13:56:29,0:02:38,Yes,0:08:36,516.00,158.00,,,
456,12/1/2024,13:46:03,12/1/2024,13:56:29,12/1/2024,14:00:37,0:04:08,Yes,0:00:41,41.00,248.00,,,
457,12/1/2024,13:53:45,12/1/2024,14:00:37,12/1/2024,14:05:30,0:04:53,Yes,0:07:42,462.00,293.00,,,
458,12/1/2024,14:01:31,12/1/2024,14:05:30,12/1/2024,14:06:21,0:00:51,Yes,0:07:46,466.00,51.00,,,
459,12/1/2024,14:08:14,12/1/2024,14:08:14,12/1/2024,14:11:18,0:03:04,No,0:06:43,403.00,184.00,,,
460,12/1/2024,14:10:03,12/1/2024,14:11:18,12/1/2024,14:13:18,0:02:00,Yes,0:01:49,109.00,120.00,,,
461,12/1/2024,14:11:35,12/1/2024,14:13:18,12/1/2024,14:15:40,0:02:22,Yes,0:01:32,92.00,142.00,,,
462,12/1/2024,14:13:56,12/1/2024,14:15:40,12/1/2024,14:20:42,0:05:02,Yes,0:02:21,141.00,302.00,,,
463,12/1/2024,14:17:01,12/1/2024,14:20:42,12/1/2024,14:37:31,0:16:49,Yes,0:03:05,185.00,1009.00,,,
464,12/1/2024,14:24:04,12/1/2024,14:37:31,12/1/2024,14:37:46,0:00:15,Yes,0:07:03,423.00,15.00,,,
465,12/1/2024,14:27:33,12/1/2024,14:37:46,12/1/2024,14:46:15,0:08:29,Yes,0:03:29,209.00,509.00,,,
466,12/1/2024,14:32:38,12/1/2024,14:46:15,12/1/2024,14:47:33,0:01:18,Yes,0:05:05,305.00,78.00,,,
467,12/1/2024,14:39:15,12/1/2024,14:47:33,12/1/2024,14:53:08,0:05:35,Yes,0:06:37,397.00,335.00,,,
468,12/1/2024,14:40:36,12/1/2024,14:53:08,12/1/2024,14:55:48,0:02:40,Yes,0:01:21,81.00,160.00,,,
469,12/1/2024,14:43:41,12/1/2024,14:55:48,12/1/2024,14:58:46,0:02:58,Yes,0:03:05,185.00,178.00,,,
470,12/1/2024,14:47:20,12/1/2024,14:58:46,12/1/2024,15:10:49,0:12:03,Yes,0:03:39,219.00,723.00,,,
471,12/1/2024,14:50:32,12/1/2024,15:10:49,12/1/2024,15:13:15,0:02:26,Yes,0:03:12,192.00,146.00,,,
472,12/1/2024,15:12:55,12/1/2024,15:13:15,12/1/2024,15:17:28,0:04:13,Yes,0:22:23,1343.00,253.00,,,
473,12/1/2024,15:22:59,12/1/2024,15:22:59,12/1/2024,15:28:51,0:05:52,No,0:10:04,604.00,352.00,,,
474,12/1/2024,15:41:19,12/1/2024,15:41:19,12/1/2024,15:43:31,0:02:12,No,0:18:20,1100.00,132.00,,,
475,12/1/2024,15:45:27,12/1/2024,15:45:27,12/1/2024,15:47:16,0:01:49,No,0:04:08,248.00,109.00,,,
476,12/1/2024,15:47:20,12/1/2024,15:47:20,12/1/2024,15:50:10,0:02:50,No,0:01:53,113.00,170.00,,,
477,12/1/2024,15:55:58,12/1/2024,15:55:58,12/1/2024,15:57:06,0:01:08,No,0:08:38,518.00,68.00,,,
478,12/1/2024,16:02:35,12/1/2024,16:02:35,12/1/2024,16:05:54,0:03:19,No,0:06:37,397.00,199.00,,,
479,12/1/2024,16:16:16,12/1/2024,16:16:16,12/1/2024,16:16:50,0:00:34,No,0:13:41,821.00,34.00,,,
480,12/1/2024,16:20:21,12/1/2024,16:20:21,12/1/2024,16:31:48,0:11:27,No,0:04:05,245.00,687.00,,,
481,12/1/2024,16:26:03,12/1/2024,16:31:48,12/1/2024,16:42:28,0:10:40,Yes,0:05:42,342.00,640.00,,,
482,12/1/2024,16:29:42,12/1/2024,16:42:28,12/1/2024,16:47:56,0:05:28,Yes,0:03:39,219.00,328.00,,,
483,12/1/2024,16:33:35,12/1/2024,16:47:56,12/1/2024,17:01:05,0:13:09,Yes,0:03:53,233.00,789.00,,,
484,12/1/2024,16:49:58,12/1/2024,17:01:05,12/1/2024,17:15:26,0:14:21,Yes,0:16:23,983.00,861.00,,,
485,12/1/2024,16:53:41,12/1/2024,17:15:26,12/1/2024,17:16:08,0:00:42,Yes,0:03:43,223.00,42.00,,,
486,12/1/2024,16:55:20,12/1/2024,17:16:08,12/1/2024,17:20:18,0:04:10,Yes,0:01:39,99.00,250.00,,,
487,12/1/2024,16:57:01,12/1/2024,17:20:18,12/1/2024,17:23:32,0:03:14,Yes,0:01:41,101.00,194.00,,,
488,12/1/2024,17:13:47,12/1/2024,17:23:32,12/1/2024,17:27:26,0:03:54,Yes,0:16:46,1006.00,234.00,,,
489,12/1/2024,17:15:44,12/1/2024,17:27:26,12/1/2024,17:33:50,0:06:24,Yes,0:01:57,117.00,384.00,,,
490,12/1/2024,17:21:28,12/1/2024,17:33:50,12/1/2024,17:36:41,0:02:51,Yes,0:05:44,344.00,171.00,,,
491,12/1/2024,17:21:57,12/1/2024,17:36:41,12/1/2024,17:37:06,0:00:25,Yes,0:00:29,29.00,25.00,,,
492,12/1/2024,17:26:19,12/1/2024,17:37:06,12/1/2024,17:38:06,0:01:00,Yes,0:04:22,262.00,60.00,,,
493,12/1/2024,17:33:18,12/1/2024,17:38:06,12/1/2024,17:40:59,0:02:53,Yes,0:06:59,419.00,173.00,,,
494,12/1/2024,17:34:11,12/1/2024,17:40:59,12/1/2024,17:42:39,0:01:40,Yes,0:00:53,53.00,100.00,,,
495,12/1/2024,17:34:48,12/1/2024,17:42:39,12/1/2024,17:44:35,0:01:56,Yes,0:00:37,37.00,116.00,,,
496,12/1/2024,17:36:42,12/1/2024,17:44:35,12/1/2024,17:47:33,0:02:58,Yes,0:01:54,114.00,178.00,,,
497,12/1/2024,17:41:23,12/1/2024,17:47:33,12/1/2024,17:48:08,0:00:35,Yes,0:04:41,281.00,35.00,,,
498,12/1/2024,17:42:27,12/1/2024,17:48:08,12/1/2024,17:50:06,0:01:58,Yes,0:01:04,64.00,118.00,,,
499,12/1/2024,17:42:42,12/1/2024,17:50:06,12/1/2024,17:50:55,0:00:49,Yes,0:00:15,15.00,49.00,,,
500,12/1/2024,17:57:45,12/1/2024,17:57:45,12/1/2024,18:03:50,0:06:05,No,0:15:03,903.00,365.00,,,
501,12/1/2024,18:22:16,12/1/2024,18:22:16,12/1/2024,18:24:07,0:01:51,No,0:24:31,1471.00,111.00,,,0
502,12/1/2024,18:24:59,12/1/2024,18:24:59,12/1/2024,18:28:47,0:03:48,No,0:02:43,163.00,228.00,,,1
503,12/1/2024,18:30:45,12/1/2024,18:30:45,12/1/2024,18:32:06,0:01:21,No,0:05:46,346.00,81.00,,,0
504,12/1/2024,18:31:29,12/1/2024,18:32:06,12/1/2024,18:36:40,0:04:34,Yes,0:00:44,44.00,274.00,,,1
505,12/1/2024,18:33:31,12/1/2024,18:36:40,12/1/2024,18:37:07,0:00:27,Yes,0:02:02,122.00,27.00,,,2
506,12/1/2024,18:35:05,12/1/2024,18:37:07,12/1/2024,18:40:12,0:03:05,Yes,0:01:34,94.00,185.00,,,3
507,12/1/2024,18:39:20,12/1/2024,18:40:12,12/1/2024,18:46:03,0:05:51,Yes,0:04:15,255.00,351.00,,,
508,12/1/2024,18:52:31,12/1/2024,18:52:31,12/1/2024,18:59:48,0:07:17,No,0:13:11,791.00,437.00,,,
509,12/1/2024,18:54:38,12/1/2024,18:59:48,12/1/2024,19:04:02,0:04:14,Yes,0:02:07,127.00,254.00,,,
510,12/1/2024,19:05:57,12/1/2024,19:05:57,12/1/2024,19:10:00,0:04:03,No,0:11:19,679.00,243.00,,,
511,12/1/2024,19:05:59,12/1/2024,19:10:00,12/1/2024,19:12:10,0:02:10,Yes,0:00:02,2.00,130.00,,,
512,12/1/2024,19:13:07,12/1/2024,19:13:07,12/1/2024,19:14:12,0:01:05,No,0:07:08,428.00,65.00,,,
513,12/1/2024,19:18:06,12/1/2024,19:18:06,12/1/2024,19:20:18,0:02:12,No,0:04:59,299.00,132.00,,,
514,12/1/2024,19:20:22,12/1/2024,19:20:22,12/1/2024,19:27:38,0:07:16,No,0:02:16,136.00,436.00,,,
515,12/1/2024,19:21:53,12/1/2024,19:27:38,12/1/2024,19:32:45,0:05:07,Yes,0:01:31,91.00,307.00,,,
516,12/1/2024,19:22:08,12/1/2024,19:32:45,12/1/2024,19:32:58,0:00:13,Yes,0:00:15,15.00,13.00,,,
517,12/1/2024,19:22:17,12/1/2024,19:32:58,12/1/2024,19:33:12,0:00:14,Yes,0:00:09,9.00,14.00,,,
518,12/1/2024,19:23:46,12/1/2024,19:33:12,12/1/2024,19:34:43,0:01:31,Yes,0:01:29,89.00,91.00,,,
519,12/1/2024,19:28:10,12/1/2024,19:34:43,12/1/2024,19:36:03,0:01:20,Yes,0:04:24,264.00,80.00,,,
520,12/1/2024,19:36:23,12/1/2024,19:36:23,12/1/2024,19:36:24,0:00:01,No,0:08:13,493.00,1.00,,,
521,12/1/2024,19:48:33,12/1/2024,19:48:33,12/1/2024,19:48:48,0:00:15,No,0:12:10,730.00,15.00,,,
522,12/1/2024,19:56:06,12/1/2024,19:56:06,12/1/2024,19:58:22,0:02:16,No,0:07:33,453.00,136.00,,,
523,12/1/2024,20:04:49,12/1/2024,20:04:49,12/1/2024,20:07:04,0:02:15,No,0:08:43,523.00,135.00,,,
524,12/1/2024,20:07:27,12/1/2024,20:07:27,12/1/2024,20:13:55,0:06:28,No,0:02:38,158.00,388.00,,,
525,12/1/2024,20:07:43,12/1/2024,20:13:55,12/1/2024,20:15:45,0:01:50,Yes,0:00:16,16.00,110.00,,,
526,12/1/2024,20:07:46,12/1/2024,20:15:45,12/1/2024,20:17:49,0:02:04,Yes,0:00:03,3.00,124.00,,,
527,12/1/2024,20:09:42,12/1/2024,20:17:49,12/1/2024,20:19:07,0:01:18,Yes,0:01:56,116.00,78.00,,,
528,12/1/2024,20:10:04,12/1/2024,20:19:07,12/1/2024,20:20:11,0:01:04,Yes,0:00:22,22.00,64.00,,,
529,12/1/2024,20:10:35,12/1/2024,20:20:11,12/1/2024,20:23:30,0:03:19,Yes,0:00:31,31.00,199.00,,,
530,12/1/2024,20:13:02,12/1/2024,20:23:30,12/1/2024,20:30:01,0:06:31,Yes,0:02:27,147.00,391.00,,,
531,12/1/2024,20:14:04,12/1/2024,20:30:01,12/1/2024,20:30:11,0:00:10,Yes,0:01:02,62.00,10.00,,,
532,12/1/2024,20:17:43,12/1/2024,20:30:11,12/1/2024,20:35:33,0:05:22,Yes,0:03:39,219.00,322.00,,,
533,12/1/2024,20:26:37,12/1/2024,20:35:33,12/1/2024,20:38:10,0:02:37,Yes,0:08:54,534.00,157.00,,,
534,12/1/2024,20:28:19,12/1/2024,20:38:10,12/1/2024,20:38:41,0:00:31,Yes,0:01:42,102.00,31.00,,,
535,12/1/2024,20:28:47,12/1/2024,20:38:41,12/1/2024,20:41:59,0:03:18,Yes,0:00:28,28.00,198.00,,,
536,12/1/2024,20:31:53,12/1/2024,20:41:59,12/1/2024,20:48:24,0:06:25,Yes,0:03:06,186.00,385.00,,,
537,12/1/2024,20:34:29,12/1/2024,20:48:24,12/1/2024,20:52:23,0:03:59,Yes,0:02:36,156.00,239.00,,,
538,12/1/2024,20:53:14,12/1/2024,20:53:14,12/1/2024,20:55:54,0:02:40,No,0:18:45,1125.00,160.00,,,
539,12/1/2024,20:59:19,12/1/2024,20:59:19,12/1/2024,21:17:15,0:17:56,No,0:06:05,365.00,1076.00,,,
540,12/1/2024,21:16:19,12/1/2024,21:17:15,12/1/2024,21:20:58,0:03:43,Yes,0:17:00,1020.00,223.00,,,
541,12/1/2024,21:19:18,12/1/2024,21:20:58,12/1/2024,21:30:48,0:09:50,Yes,0:02:59,179.00,590.00,,,
542,12/1/2024,21:21:11,12/1/2024,21:30:48,12/1/2024,21:33:23,0:02:35,Yes,0:01:53,113.00,155.00,,,
543,12/1/2024,21:22:01,12/1/2024,21:33:23,12/1/2024,21:37:15,0:03:52,Yes,0:00:50,50.00,232.00,,,
544,12/1/2024,21:23:42,12/1/2024,21:37:15,12/1/2024,21:40:06,0:02:51,Yes,0:01:41,101.00,171.00,,,
545,12/1/2024,21:23:49,12/1/2024,21:40:06,12/1/2024,21:55:55,0:15:49,Yes,0:00:07,7.00,949.00,,,
546,12/1/2024,21:26:26,12/1/2024,21:55:55,12/1/2024,22:05:12,0:09:17,Yes,0:02:37,157.00,557.00,,,
547,12/1/2024,21:26:41,12/1/2024,22:05:12,12/1/2024,22:09:45,0:04:33,Yes,0:00:15,15.00,273.00,,,
548,12/1/2024,21:54:36,12/1/2024,22:09:45,12/1/2024,22:11:50,0:02:05,Yes,0:27:55,1675.00,125.00,,,
549,12/1/2024,21:56:26,12/1/2024,22:11:50,12/1/2024,22:13:47,0:01:57,Yes,0:01:50,110.00,117.00,,,
550,12/1/2024,22:02:35,12/1/2024,22:13:47,12/1/2024,22:24:21,0:10:34,Yes,0:06:09,369.00,634.00,,,
551,12/1/2024,22:07:26,12/1/2024,22:24:21,12/1/2024,22:24:45,0:00:24,Yes,0:04:51,291.00,24.00,,,
552,12/1/2024,22:10:31,12/1/2024,22:24:45,12/1/2024,22:25:16,0:00:31,Yes,0:03:05,185.00,31.00,,,
553,12/1/2024,22:26:05,12/1/2024,22:26:05,12/1/2024,22:27:34,0:01:29,No,0:15:34,934.00,89.00,,,
554,12/1/2024,22:31:50,12/1/2024,22:31:50,12/1/2024,22:36:45,0:04:55,No,0:05:45,345.00,295.00,,,
555,12/1/2024,22:34:12,12/1/2024,22:36:45,12/1/2024,22:37:07,0:00:22,Yes,0:02:22,142.00,22.00,,,
556,12/1/2024,22:39:38,12/1/2024,22:39:38,12/1/2024,22:42:00,0:02:22,No,0:05:26,326.00,142.00,,,
557,12/1/2024,22:40:11,12/1/2024,22:42:00,12/1/2024,22:43:01,0:01:01,Yes,0:00:33,33.00,61.00,,,
558,12/1/2024,22:47:36,12/1/2024,22:47:36,12/1/2024,22:58:34,0:10:58,No,0:07:25,445.00,658.00,,,
559,12/1/2024,22:50:27,12/1/2024,22:58:34,12/1/2024,23:06:15,0:07:41,Yes,0:02:51,171.00,461.00,,,
560,12/1/2024,22:51:09,12/1/2024,23:06:15,12/1/2024,23:09:00,0:02:45,Yes,0:00:42,42.00,165.00,,,
561,12/1/2024,22:52:07,12/1/2024,23:09:00,12/1/2024,23:13:55,0:04:55,Yes,0:00:58,58.00,295.00,,,
562,12/1/2024,22:52:40,12/1/2024,23:13:55,12/1/2024,23:17:27,0:03:32,Yes,0:00:33,33.00,212.00,,,
563,12/1/2024,22:52:45,12/1/2024,23:17:27,12/1/2024,23:24:02,0:06:35,Yes,0:00:05,5.00,395.00,,,
564,12/1/2024,22:54:06,12/1/2024,23:24:02,12/1/2024,23:24:22,0:00:20,Yes,0:01:21,81.00,20.00,,,
565,12/1/2024,23:06:56,12/1/2024,23:24:22,12/1/2024,23:25:29,0:01:07,Yes,0:12:50,770.00,67.00,,,
566,12/1/2024,23:15:20,12/1/2024,23:25:29,12/1/2024,23:32:59,0:07:30,Yes,0:08:24,504.00,450.00,,,
567,12/1/2024,23:21:54,12/1/2024,23:32:59,12/1/2024,23:34:18,0:01:19,Yes,0:06:34,394.00,79.00,,,
568,12/1/2024,23:27:13,12/1/2024,23:34:18,12/1/2024,23:34:24,0:00:06,Yes,0:05:19,319.00,6.00,,,
569,12/1/2024,23:33:59,12/1/2024,23:34:24,12/1/2024,23:36:20,0:01:56,Yes,0:06:46,406.00,116.00,,,
570,12/1/2024,23:38:32,12/1/2024,23:38:32,12/1/2024,23:42:41,0:04:09,No,0:04:33,273.00,249.00,,,
571,12/1/2024,23:39:08,12/1/2024,23:42:41,12/1/2024,23:52:07,0:09:26,Yes,0:00:36,36.00,566.00,,,
572,12/1/2024,23:47:18,12/1/2024,23:52:07,12/1/2024,23:54:02,0:01:55,Yes,0:08:10,490.00,115.00,,,
573,12/1/2024,23:47:27,12/1/2024,23:54:02,12/2/2024,0:01:06,0:07:24,Yes,0:00:09,9.00,444.00,,,
574,12/1/2024,23:47:40,12/2/2024,0:01:06,12/2/2024,0:01:48,0:00:42,No,0:00:13,13.00,42.00,,,
575,12/1/2024,23:54:20,12/2/2024,0:01:48,12/2/2024,0:05:00,0:03:12,No,0:06:40,400.00,192.00,,,
576,12/1/2024,23:59:21,12/2/2024,0:05:00,12/2/2024,0:07:06,0:02:06,No,0:05:01,301.00,126.00,,,
577,12/2/2024,0:00:35,12/2/2024,0:07:06,12/2/2024,0:07:11,0:00:05,Yes,0:01:14,74.00,5.00,,,
578,12/2/2024,0:08:07,12/2/2024,0:08:07,12/2/2024,0:14:07,0:06:00,No,0:07:32,452.00,360.00,,,
579,12/2/2024,0:10:01,12/2/2024,0:14:07,12/2/2024,0:26:58,0:12:51,Yes,0:01:54,114.00,771.00,,,
580,12/2/2024,0:22:04,12/2/2024,0:26:58,12/2/2024,0:28:19,0:01:21,Yes,0:12:03,723.00,81.00,,,
581,12/2/2024,0:24:53,12/2/2024,0:28:19,12/2/2024,0:30:17,0:01:58,Yes,0:02:49,169.00,118.00,,,
582,12/2/2024,0:41:07,12/2/2024,0:41:07,12/2/2024,0:46:47,0:05:40,No,0:16:14,974.00,340.00,,,
583,12/2/2024,0:44:19,12/2/2024,0:46:47,12/2/2024,0:48:29,0:01:42,Yes,0:03:12,192.00,102.00,,,
584,12/2/2024,0:48:10,12/2/2024,0:48:29,12/2/2024,0:52:02,0:03:33,Yes,0:03:51,231.00,213.00,,,
585,12/2/2024,0:52:17,12/2/2024,0:52:17,12/2/2024,1:08:04,0:15:47,No,0:04:07,247.00,947.00,,,
586,12/2/2024,0:53:43,12/2/2024,1:08:04,12/2/2024,1:15:17,0:07:13,Yes,0:01:26,86.00,433.00,,,
587,12/2/2024,0:53:45,12/2/2024,1:15:17,12/2/2024,1:16:00,0:00:43,Yes,0:00:02,2.00,43.00,,,
588,12/2/2024,1:00:36,12/2/2024,1:16:00,12/2/2024,1:16:40,0:00:40,Yes,0:06:51,411.00,40.00,,,
589,12/2/2024,1:06:32,12/2/2024,1:16:40,12/2/2024,1:25:36,0:08:56,Yes,0:05:56,356.00,536.00,,,
590,12/2/2024,1:07:48,12/2/2024,1:25:36,12/2/2024,1:28:01,0:02:25,Yes,0:01:16,76.00,145.00,,,
591,12/2/2024,1:08:16,12/2/2024,1:28:01,12/2/2024,1:28:03,0:00:02,Yes,0:00:28,28.00,2.00,,,
592,12/2/2024,1:16:20,12/2/2024,1:28:03,12/2/2024,1:34:36,0:06:33,Yes,0:08:04,484.00,393.00,,,
593,12/2/2024,1:25:55,12/2/2024,1:34:36,12/2/2024,1:36:17,0:01:41,Yes,0:09:35,575.00,101.00,,,
594,12/2/2024,1:29:41,12/2/2024,1:36:17,12/2/2024,1:48:45,0:12:28,Yes,0:03:46,226.00,748.00,,,
595,12/2/2024,1:30:25,12/2/2024,1:48:45,12/2/2024,1:50:01,0:01:16,Yes,0:00:44,44.00,76.00,,,
596,12/2/2024,1:36:53,12/2/2024,1:50:01,12/2/2024,1:56:19,0:06:18,Yes,0:06:28,388.00,378.00,,,
597,12/2/2024,1:37:32,12/2/2024,1:56:19,12/2/2024,2:03:34,0:07:15,Yes,0:00:39,39.00,435.00,,,
598,12/2/2024,1:40:50,12/2/2024,2:03:34,12/2/2024,2:08:30,0:04:56,Yes,0:03:18,198.00,296.00,,,
599,12/2/2024,1:42:15,12/2/2024,2:08:30,12/2/2024,2:09:59,0:01:29,Yes,0:01:25,85.00,89.00,,,
600,12/2/2024,1:48:33,12/2/2024,2:09:59,12/2/2024,2:15:24,0:05:25,Yes,0:06:18,378.00,325.00,,,
601,12/2/2024,1:50:39,12/2/2024,2:15:24,12/2/2024,2:15:44,0:00:20,Yes,0:02:06,126.00,20.00,,,
602,12/2/2024,2:01:59,12/2/2024,2:15:44,12/2/2024,2:18:35,0:02:51,Yes,0:11:20,680.00,171.00,,,
603,12/2/2024,2:10:20,12/2/2024,2:18:35,12/2/2024,2:25:26,0:06:51,Yes,0:08:21,501.00,411.00,,,
604,12/2/2024,2:11:59,12/2/2024,2:25:26,12/2/2024,2:27:50,0:02:24,Yes,0:01:39,99.00,144.00,,,
605,12/2/2024,2:14:43,12/2/2024,2:27:50,12/2/2024,2:33:56,0:06:06,Yes,0:02:44,164.00,366.00,,,
606,12/2/2024,2:19:06,12/2/2024,2:33:56,12/2/2024,2:43:01,0:09:05,Yes,0:04:23,263.00,545.00,,,
607,12/2/2024,2:29:44,12/2/2024,2:43:01,12/2/2024,2:58:02,0:15:01,Yes,0:10:38,638.00,901.00,,,
608,12/2/2024,2:34:23,12/2/2024,2:58:02,12/2/2024,3:02:06,0:04:04,Yes,0:04:39,279.00,244.00,,,
609,12/2/2024,2:43:43,12/2/2024,3:02:06,12/2/2024,3:05:50,0:03:44,Yes,0:09:20,560.00,224.00,,,
610,12/2/2024,2:43:48,12/2/2024,3:05:50,12/2/2024,3:06:37,0:00:47,Yes,0:00:05,5.00,47.00,,,
611,12/2/2024,3:02:16,12/2/2024,3:06:37,12/2/2024,3:08:27,0:01:50,Yes,0:18:28,1108.00,110.00,,,
612,12/2/2024,3:05:00,12/2/2024,3:08:27,12/2/2024,3:14:11,0:05:44,Yes,0:02:44,164.00,344.00,,,
613,12/2/2024,3:05:36,12/2/2024,3:14:11,12/2/2024,3:14:31,0:00:20,Yes,0:00:36,36.00,20.00,,,
614,12/2/2024,3:07:01,12/2/2024,3:14:31,12/2/2024,3:15:11,0:00:40,Yes,0:01:25,85.00,40.00,,,
615,12/2/2024,3:11:27,12/2/2024,3:15:11,12/2/2024,3:16:27,0:01:16,Yes,0:04:26,266.00,76.00,,,
616,12/2/2024,3:14:22,12/2/2024,3:16:27,12/2/2024,3:17:00,0:00:33,Yes,0:02:55,175.00,33.00,,,
617,12/2/2024,3:15:14,12/2/2024,3:17:00,12/2/2024,3:19:58,0:02:58,Yes,0:00:52,52.00,178.00,,,
618,12/2/2024,3:21:35,12/2/2024,3:21:35,12/2/2024,3:22:38,0:01:03,No,0:06:21,381.00,63.00,,,
619,12/2/2024,3:24:42,12/2/2024,3:24:42,12/2/2024,3:32:30,0:07:48,No,0:03:07,187.00,468.00,,,
620,12/2/2024,3:29:32,12/2/2024,3:32:30,12/2/2024,3:33:39,0:01:09,Yes,0:04:50,290.00,69.00,,,
621,12/2/2024,3:30:21,12/2/2024,3:33:39,12/2/2024,3:34:36,0:00:57,Yes,0:00:49,49.00,57.00,,,
622,12/2/2024,3:34:45,12/2/2024,3:34:45,12/2/2024,3:43:23,0:08:38,No,0:04:24,264.00,518.00,,,
623,12/2/2024,3:43:14,12/2/2024,3:43:23,12/2/2024,3:44:00,0:00:37,Yes,0:08:29,509.00,37.00,,,
624,12/2/2024,3:50:23,12/2/2024,3:50:23,12/2/2024,3:51:39,0:01:16,No,0:07:09,429.00,76.00,,,
625,12/2/2024,3:51:36,12/2/2024,3:51:39,12/2/2024,3:52:11,0:00:32,Yes,0:01:13,73.00,32.00,,,
626,12/2/2024,3:52:04,12/2/2024,3:52:11,12/2/2024,3:52:28,0:00:17,Yes,0:00:28,28.00,17.00,,,
627,12/2/2024,3:59:59,12/2/2024,3:59:59,12/2/2024,4:02:08,0:02:09,No,0:07:55,475.00,129.00,,,
628,12/2/2024,4:00:34,12/2/2024,4:02:08,12/2/2024,4:09:02,0:06:54,Yes,0:00:35,35.00,414.00,,,
629,12/2/2024,4:05:35,12/2/2024,4:09:02,12/2/2024,4:17:41,0:08:39,Yes,0:05:01,301.00,519.00,,,
630,12/2/2024,4:07:47,12/2/2024,4:17:41,12/2/2024,4:18:51,0:01:10,Yes,0:02:12,132.00,70.00,,,
631,12/2/2024,4:12:05,12/2/2024,4:18:51,12/2/2024,4:23:31,0:04:40,Yes,0:04:18,258.00,280.00,,,
632,12/2/2024,4:23:33,12/2/2024,4:23:33,12/2/2024,4:25:01,0:01:28,No,0:11:28,688.00,88.00,,,
633,12/2/2024,4:29:51,12/2/2024,4:29:51,12/2/2024,4:30:21,0:00:30,No,0:06:18,378.00,30.00,,,
634,12/2/2024,4:54:02,12/2/2024,4:54:02,12/2/2024,5:04:20,0:10:18,No,0:24:11,1451.00,618.00,,,
635,12/2/2024,4:56:29,12/2/2024,5:04:20,12/2/2024,5:23:11,0:18:51,Yes,0:02:27,147.00,1131.00,,,
636,12/2/2024,4:59:45,12/2/2024,5:23:11,12/2/2024,5:32:28,0:09:17,Yes,0:03:16,196.00,557.00,,,
637,12/2/2024,5:01:38,12/2/2024,5:32:28,12/2/2024,5:43:18,0:10:50,Yes,0:01:53,113.00,650.00,,,
638,12/2/2024,5:05:37,12/2/2024,5:43:18,12/2/2024,5:50:25,0:07:07,Yes,0:03:59,239.00,427.00,,,
639,12/2/2024,5:07:13,12/2/2024,5:50:25,12/2/2024,5:50:38,0:00:13,Yes,0:01:36,96.00,13.00,,,
640,12/2/2024,5:15:09,12/2/2024,5:50:38,12/2/2024,5:52:31,0:01:53,Yes,0:07:56,476.00,113.00,,,
641,12/2/2024,5:24:00,12/2/2024,5:52:31,12/2/2024,6:01:08,0:08:37,Yes,0:08:51,531.00,517.00,,,
642,12/2/2024,5:28:35,12/2/2024,6:01:08,12/2/2024,6:04:33,0:03:25,Yes,0:04:35,275.00,205.00,,,
643,12/2/2024,5:34:27,12/2/2024,6:04:33,12/2/2024,6:07:39,0:03:06,Yes,0:05:52,352.00,186.00,,,
644,12/2/2024,5:46:04,12/2/2024,6:07:39,12/2/2024,6:09:31,0:01:52,Yes,0:11:37,697.00,112.00,,,
645,12/2/2024,5:48:12,12/2/2024,6:09:31,12/2/2024,6:13:05,0:03:34,Yes,0:02:08,128.00,214.00,,,
646,12/2/2024,5:48:42,12/2/2024,6:13:05,12/2/2024,6:14:23,0:01:18,Yes,0:00:30,30.00,78.00,,,
647,12/2/2024,5:56:04,12/2/2024,6:14:23,12/2/2024,6:19:10,0:04:47,Yes,0:07:22,442.00,287.00,,,
648,12/2/2024,5:58:01,12/2/2024,6:19:10,12/2/2024,6:20:32,0:01:22,Yes,0:01:57,117.00,82.00,,,
649,12/2/2024,6:00:14,12/2/2024,6:20:32,12/2/2024,6:25:54,0:05:22,Yes,0:02:13,133.00,322.00,,,
650,12/2/2024,6:01:32,12/2/2024,6:25:54,12/2/2024,6:27:36,0:01:42,Yes,0:01:18,78.00,102.00,,,
651,12/2/2024,6:05:25,12/2/2024,6:27:36,12/2/2024,6:30:52,0:03:16,Yes,0:03:53,233.00,196.00,,,
652,12/2/2024,6:23:59,12/2/2024,6:30:52,12/2/2024,6:32:47,0:01:55,Yes,0:18:34,1114.00,115.00,,,
653,12/2/2024,6:30:18,12/2/2024,6:32:47,12/2/2024,6:33:23,0:00:36,Yes,0:06:19,379.00,36.00,,,
654,12/2/2024,6:39:06,12/2/2024,6:39:06,12/2/2024,6:55:14,0:16:08,No,0:08:48,528.00,968.00,,,
655,12/2/2024,6:43:58,12/2/2024,6:55:14,12/2/2024,6:59:49,0:04:35,Yes,0:04:52,292.00,275.00,,,
656,12/2/2024,6:50:42,12/2/2024,6:59:49,12/2/2024,7:03:42,0:03:53,Yes,0:06:44,404.00,233.00,,,
657,12/2/2024,6:53:18,12/2/2024,7:03:42,12/2/2024,7:03:53,0:00:11,Yes,0:02:36,156.00,11.00,,,
658,12/2/2024,6:57:12,12/2/2024,7:03:53,12/2/2024,7:13:04,0:09:11,Yes,0:03:54,234.00,551.00,,,
659,12/2/2024,7:07:42,12/2/2024,7:13:04,12/2/2024,7:14:55,0:01:51,Yes,0:10:30,630.00,111.00,,,
660,12/2/2024,7:11:26,12/2/2024,7:14:55,12/2/2024,7:20:59,0:06:04,Yes,0:03:44,224.00,364.00,,,
661,12/2/2024,7:22:17,12/2/2024,7:22:17,12/2/2024,7:23:54,0:01:37,No,0:10:51,651.00,97.00,,,
662,12/2/2024,7:24:51,12/2/2024,7:24:51,12/2/2024,7:42:16,0:17:25,No,0:02:34,154.00,1045.00,,,
663,12/2/2024,7:25:33,12/2/2024,7:42:16,12/2/2024,7:44:33,0:02:17,Yes,0:00:42,42.00,137.00,,,
664,12/2/2024,7:28:33,12/2/2024,7:44:33,12/2/2024,7:44:51,0:00:18,Yes,0:03:00,180.00,18.00,,,
665,12/2/2024,7:30:50,12/2/2024,7:44:51,12/2/2024,7:46:15,0:01:24,Yes,0:02:17,137.00,84.00,,,
666,12/2/2024,7:40:21,12/2/2024,7:46:15,12/2/2024,7:50:08,0:03:53,Yes,0:09:31,571.00,233.00,,,
667,12/2/2024,7:40:38,12/2/2024,7:50:08,12/2/2024,7:50:40,0:00:32,Yes,0:00:17,17.00,32.00,,,
668,12/2/2024,7:41:37,12/2/2024,7:50:40,12/2/2024,7:51:54,0:01:14,Yes,0:00:59,59.00,74.00,,,
669,12/2/2024,7:43:55,12/2/2024,7:51:54,12/2/2024,7:55:14,0:03:20,Yes,0:02:18,138.00,200.00,,,
670,12/2/2024,7:55:06,12/2/2024,7:55:14,12/2/2024,7:55:38,0:00:24,Yes,0:11:11,671.00,24.00,,,
671,12/2/2024,7:58:21,12/2/2024,7:58:21,12/2/2024,8:01:10,0:02:49,No,0:03:15,195.00,169.00,,,
672,12/2/2024,8:02:51,12/2/2024,8:02:51,12/2/2024,8:11:53,0:09:02,No,0:04:30,270.00,542.00,,,
673,12/2/2024,8:10:42,12/2/2024,8:11:53,12/2/2024,8:13:59,0:02:06,Yes,0:07:51,471.00,126.00,,,
674,12/2/2024,8:11:23,12/2/2024,8:13:59,12/2/2024,8:14:50,0:00:51,Yes,0:00:41,41.00,51.00,,,
675,12/2/2024,8:21:25,12/2/2024,8:21:25,12/2/2024,8:25:31,0:04:06,No,0:10:02,602.00,246.00,,,
676,12/2/2024,8:31:03,12/2/2024,8:31:03,12/2/2024,8:32:41,0:01:38,No,0:09:38,578.00,98.00,,,
677,12/2/2024,8:33:14,12/2/2024,8:33:14,12/2/2024,8:34:19,0:01:05,No,0:02:11,131.00,65.00,,,
678,12/2/2024,8:37:59,12/2/2024,8:37:59,12/2/2024,8:40:36,0:02:37,No,0:04:45,285.00,157.00,,,
679,12/2/2024,8:45:27,12/2/2024,8:45:27,12/2/2024,8:45:34,0:00:07,No,0:07:28,448.00,7.00,,,
680,12/2/2024,9:01:17,12/2/2024,9:01:17,12/2/2024,9:02:21,0:01:04,No,0:15:50,950.00,64.00,,,
681,12/2/2024,9:13:33,12/2/2024,9:13:33,12/2/2024,9:18:31,0:04:58,No,0:12:16,736.00,298.00,,,
682,12/2/2024,9:16:45,12/2/2024,9:18:31,12/2/2024,9:20:15,0:01:44,Yes,0:03:12,192.00,104.00,,,
683,12/2/2024,9:18:46,12/2/2024,9:20:15,12/2/2024,9:20:36,0:00:21,Yes,0:02:01,121.00,21.00,,,
684,12/2/2024,9:19:27,12/2/2024,9:20:36,12/2/2024,9:22:55,0:02:19,Yes,0:00:41,41.00,139.00,,,
685,12/2/2024,9:21:40,12/2/2024,9:22:55,12/2/2024,9:29:30,0:06:35,Yes,0:02:13,133.00,395.00,,,
686,12/2/2024,9:24:11,12/2/2024,9:29:30,12/2/2024,9:30:20,0:00:50,Yes,0:02:31,151.00,50.00,,,
687,12/2/2024,9:30:17,12/2/2024,9:30:20,12/2/2024,9:30:51,0:00:31,Yes,0:06:06,366.00,31.00,,,
688,12/2/2024,9:34:30,12/2/2024,9:34:30,12/2/2024,9:36:04,0:01:34,No,0:04:13,253.00,94.00,,,
689,12/2/2024,9:34:49,12/2/2024,9:36:04,12/2/2024,9:38:35,0:02:31,Yes,0:00:19,19.00,151.00,,,
690,12/2/2024,9:38:29,12/2/2024,9:38:35,12/2/2024,9:42:22,0:03:47,Yes,0:03:40,220.00,227.00,,,
691,12/2/2024,9:41:48,12/2/2024,9:42:22,12/2/2024,9:42:29,0:00:07,Yes,0:03:19,199.00,7.00,,,
692,12/2/2024,9:48:22,12/2/2024,9:48:22,12/2/2024,9:50:18,0:01:56,No,0:06:34,394.00,116.00,,,
693,12/2/2024,9:59:35,12/2/2024,9:59:35,12/2/2024,10:00:42,0:01:07,No,0:11:13,673.00,67.00,,,
694,12/2/2024,10:00:20,12/2/2024,10:00:42,12/2/2024,10:02:25,0:01:43,Yes,0:00:45,45.00,103.00,,,
695,12/2/2024,10:01:35,12/2/2024,10:02:25,12/2/2024,10:04:01,0:01:36,Yes,0:01:15,75.00,96.00,,,
696,12/2/2024,10:02:52,12/2/2024,10:04:01,12/2/2024,10:06:00,0:01:59,Yes,0:01:17,77.00,119.00,,,
697,12/2/2024,10:07:54,12/2/2024,10:07:54,12/2/2024,10:10:52,0:02:58,No,0:05:02,302.00,178.00,,,
698,12/2/2024,10:15:24,12/2/2024,10:15:24,12/2/2024,10:18:35,0:03:11,No,0:07:30,450.00,191.00,,,
699,12/2/2024,10:17:28,12/2/2024,10:18:35,12/2/2024,10:26:31,0:07:56,Yes,0:02:04,124.00,476.00,,,
700,12/2/2024,10:18:46,12/2/2024,10:26:31,12/2/2024,10:27:16,0:00:45,Yes,0:01:18,78.00,45.00,,,
701,12/2/2024,10:29:25,12/2/2024,10:29:25,12/2/2024,10:41:12,0:11:47,No,0:10:39,639.00,707.00,,,
702,12/2/2024,10:30:09,12/2/2024,10:41:12,12/2/2024,10:43:37,0:02:25,Yes,0:00:44,44.00,145.00,,,
703,12/2/2024,10:36:08,12/2/2024,10:43:37,12/2/2024,10:48:53,0:05:16,Yes,0:05:59,359.00,316.00,,,
704,12/2/2024,10:46:21,12/2/2024,10:48:53,12/2/2024,10:52:44,0:03:51,Yes,0:10:13,613.00,231.00,,,
705,12/2/2024,10:50:14,12/2/2024,10:52:44,12/2/2024,10:54:42,0:01:58,Yes,0:03:53,233.00,118.00,,,
706,12/2/2024,11:01:26,12/2/2024,11:01:26,12/2/2024,11:03:42,0:02:16,No,0:11:12,672.00,136.00,,,
707,12/2/2024,11:03:20,12/2/2024,11:03:42,12/2/2024,11:11:53,0:08:11,Yes,0:01:54,114.00,491.00,,,
708,12/2/2024,11:07:33,12/2/2024,11:11:53,12/2/2024,11:23:53,0:12:00,Yes,0:04:13,253.00,720.00,,,
709,12/2/2024,11:15:27,12/2/2024,11:23:53,12/2/2024,11:26:02,0:02:09,Yes,0:07:54,474.00,129.00,,,
710,12/2/2024,11:16:51,12/2/2024,11:26:02,12/2/2024,11:27:15,0:01:13,Yes,0:01:24,84.00,73.00,,,
711,12/2/2024,11:17:36,12/2/2024,11:27:15,12/2/2024,11:27:16,0:00:01,Yes,0:00:45,45.00,1.00,,,
712,12/2/2024,11:19:48,12/2/2024,11:27:16,12/2/2024,11:28:25,0:01:09,Yes,0:02:12,132.00,69.00,,,
713,12/2/2024,11:26:12,12/2/2024,11:28:25,12/2/2024,11:39:05,0:10:40,Yes,0:06:24,384.00,640.00,,,
714,12/2/2024,11:39:07,12/2/2024,11:39:07,12/2/2024,11:56:10,0:17:03,No,0:12:55,775.00,1023.00,,,
715,12/2/2024,11:40:28,12/2/2024,11:56:10,12/2/2024,11:56:55,0:00:45,Yes,0:01:21,81.00,45.00,,,
716,12/2/2024,12:09:33,12/2/2024,12:09:33,12/2/2024,12:16:28,0:06:55,No,0:29:05,1745.00,415.00,,,
717,12/2/2024,12:19:54,12/2/2024,12:19:54,12/2/2024,12:20:37,0:00:43,No,0:10:21,621.00,43.00,,,
718,12/2/2024,12:21:41,12/2/2024,12:21:41,12/2/2024,12:21:49,0:00:08,No,0:01:47,107.00,8.00,,,
719,12/2/2024,12:22:09,12/2/2024,12:22:09,12/2/2024,12:23:13,0:01:04,No,0:00:28,28.00,64.00,,,
720,12/2/2024,12:28:22,12/2/2024,12:28:22,12/2/2024,12:28:42,0:00:20,No,0:06:13,373.00,20.00,,,
721,12/2/2024,12:31:15,12/2/2024,12:31:15,12/2/2024,12:43:34,0:12:19,No,0:02:53,173.00,739.00,,,
722,12/2/2024,12:33:11,12/2/2024,12:43:34,12/2/2024,12:50:35,0:07:01,Yes,0:01:56,116.00,421.00,,,
723,12/2/2024,12:34:08,12/2/2024,12:50:35,12/2/2024,13:06:22,0:15:47,Yes,0:00:57,57.00,947.00,,,
724,12/2/2024,12:46:05,12/2/2024,13:06:22,12/2/2024,13:11:23,0:05:01,Yes,0:11:57,717.00,301.00,,,
725,12/2/2024,13:06:46,12/2/2024,13:11:23,12/2/2024,13:13:03,0:01:40,Yes,0:20:41,1241.00,100.00,,,
726,12/2/2024,13:16:30,12/2/2024,13:16:30,12/2/2024,13:17:45,0:01:15,No,0:09:44,584.00,75.00,,,
727,12/2/2024,13:16:53,12/2/2024,13:17:45,12/2/2024,13:20:45,0:03:00,Yes,0:00:23,23.00,180.00,,,
728,12/2/2024,13:23:03,12/2/2024,13:23:03,12/2/2024,13:24:47,0:01:44,No,0:06:10,370.00,104.00,,,
729,12/2/2024,13:24:45,12/2/2024,13:24:47,12/2/2024,13:28:06,0:03:19,Yes,0:01:42,102.00,199.00,,,
730,12/2/2024,13:26:56,12/2/2024,13:28:06,12/2/2024,13:30:31,0:02:25,Yes,0:02:11,131.00,145.00,,,
731,12/2/2024,13:30:37,12/2/2024,13:30:37,12/2/2024,13:31:39,0:01:02,No,0:03:41,221.00,62.00,,,
732,12/2/2024,13:33:28,12/2/2024,13:33:28,12/2/2024,13:34:19,0:00:51,No,0:02:51,171.00,51.00,,,
733,12/2/2024,13:33:54,12/2/2024,13:34:19,12/2/2024,13:36:11,0:01:52,Yes,0:00:26,26.00,112.00,,,
734,12/2/2024,13:40:41,12/2/2024,13:40:41,12/2/2024,13:42:15,0:01:34,No,0:06:47,407.00,94.00,,,
735,12/2/2024,13:40:58,12/2/2024,13:42:15,12/2/2024,13:45:52,0:03:37,Yes,0:00:17,17.00,217.00,,,
736,12/2/2024,13:47:04,12/2/2024,13:47:04,12/2/2024,13:48:49,0:01:45,No,0:06:06,366.00,105.00,,,
737,12/2/2024,13:50:06,12/2/2024,13:50:06,12/2/2024,13:51:50,0:01:44,No,0:03:02,182.00,104.00,,,
738,12/2/2024,13:59:57,12/2/2024,13:59:57,12/2/2024,14:01:15,0:01:18,No,0:09:51,591.00,78.00,,,
739,12/2/2024,14:01:08,12/2/2024,14:01:15,12/2/2024,14:02:52,0:01:37,Yes,0:01:11,71.00,97.00,,,
740,12/2/2024,14:14:36,12/2/2024,14:14:36,12/2/2024,14:22:19,0:07:43,No,0:13:28,808.00,463.00,,,
741,12/2/2024,14:29:56,12/2/2024,14:29:56,12/2/2024,14:30:43,0:00:47,No,0:15:20,920.00,47.00,,,
742,12/2/2024,14:34:11,12/2/2024,14:34:11,12/2/2024,14:36:19,0:02:08,No,0:04:15,255.00,128.00,,,
743,12/2/2024,14:59:23,12/2/2024,14:59:23,12/2/2024,15:05:11,0:05:48,No,0:25:12,1512.00,348.00,,,
744,12/2/2024,15:03:24,12/2/2024,15:05:11,12/2/2024,15:07:04,0:01:53,Yes,0:04:01,241.00,113.00,,,
745,12/2/2024,15:08:22,12/2/2024,15:08:22,12/2/2024,15:10:12,0:01:50,No,0:04:58,298.00,110.00,,,
746,12/2/2024,15:09:15,12/2/2024,15:10:12,12/2/2024,15:15:42,0:05:30,Yes,0:00:53,53.00,330.00,,,
747,12/2/2024,15:16:20,12/2/2024,15:16:20,12/2/2024,15:22:18,0:05:58,No,0:07:05,425.00,358.00,,,
748,12/2/2024,15:21:01,12/2/2024,15:22:18,12/2/2024,15:25:19,0:03:01,Yes,0:04:41,281.00,181.00,,,
749,12/2/2024,15:32:42,12/2/2024,15:32:42,12/2/2024,15:37:20,0:04:38,No,0:11:41,701.00,278.00,,,
750,12/2/2024,15:37:36,12/2/2024,15:37:36,12/2/2024,15:38:09,0:00:33,No,0:04:54,294.00,33.00,,,
751,12/2/2024,15:38:51,12/2/2024,15:38:51,12/2/2024,15:43:45,0:04:54,No,0:01:15,75.00,294.00,,,
752,12/2/2024,15:43:17,12/2/2024,15:43:45,12/2/2024,15:51:48,0:08:03,Yes,0:04:26,266.00,483.00,,,
753,12/2/2024,15:43:59,12/2/2024,15:51:48,12/2/2024,15:52:05,0:00:17,Yes,0:00:42,42.00,17.00,,,
754,12/2/2024,15:59:36,12/2/2024,15:59:36,12/2/2024,16:04:32,0:04:56,No,0:15:37,937.00,296.00,,,
755,12/2/2024,16:09:09,12/2/2024,16:09:09,12/2/2024,16:09:20,0:00:11,No,0:09:33,573.00,11.00,,,
756,12/2/2024,16:11:25,12/2/2024,16:11:25,12/2/2024,16:18:18,0:06:53,No,0:02:16,136.00,413.00,,,
757,12/2/2024,16:14:41,12/2/2024,16:18:18,12/2/2024,16:19:32,0:01:14,Yes,0:03:16,196.00,74.00,,,
758,12/2/2024,16:14:48,12/2/2024,16:19:32,12/2/2024,16:31:14,0:11:42,Yes,0:00:07,7.00,702.00,,,
759,12/2/2024,16:15:28,12/2/2024,16:31:14,12/2/2024,16:34:08,0:02:54,Yes,0:00:40,40.00,174.00,,,
760,12/2/2024,16:47:35,12/2/2024,16:47:35,12/2/2024,16:48:08,0:00:33,No,0:32:07,1927.00,33.00,,,
761,12/2/2024,16:55:16,12/2/2024,16:55:16,12/2/2024,16:55:21,0:00:05,No,0:07:41,461.00,5.00,,,
762,12/2/2024,16:55:33,12/2/2024,16:55:33,12/2/2024,16:58:33,0:03:00,No,0:00:17,17.00,180.00,,,
763,12/2/2024,16:56:25,12/2/2024,16:58:33,12/2/2024,17:06:08,0:07:35,Yes,0:00:52,52.00,455.00,,,
764,12/2/2024,17:10:22,12/2/2024,17:10:22,12/2/2024,17:12:20,0:01:58,No,0:13:57,837.00,118.00,,,
765,12/2/2024,17:18:09,12/2/2024,17:18:09,12/2/2024,17:21:26,0:03:17,No,0:07:47,467.00,197.00,,,
766,12/2/2024,17:20:11,12/2/2024,17:21:26,12/2/2024,17:21:34,0:00:08,Yes,0:02:02,122.00,8.00,,,
767,12/2/2024,17:30:49,12/2/2024,17:30:49,12/2/2024,17:33:47,0:02:58,No,0:10:38,638.00,178.00,,,
768,12/2/2024,17:32:02,12/2/2024,17:33:47,12/2/2024,17:35:55,0:02:08,Yes,0:01:13,73.00,128.00,,,
769,12/2/2024,17:32:21,12/2/2024,17:35:55,12/2/2024,17:40:52,0:04:57,Yes,0:00:19,19.00,297.00,,,
770,12/2/2024,17:53:00,12/2/2024,17:53:00,12/2/2024,17:56:13,0:03:13,No,0:20:39,1239.00,193.00,,,
771,12/2/2024,17:55:15,12/2/2024,17:56:13,12/2/2024,18:05:31,0:09:18,Yes,0:02:15,135.00,558.00,,,
772,12/2/2024,18:00:40,12/2/2024,18:05:31,12/2/2024,18:05:31,0:00:00,Yes,0:05:25,325.00,0.00,,,
773,12/2/2024,18:01:13,12/2/2024,18:05:31,12/2/2024,18:08:41,0:03:10,Yes,0:00:33,33.00,190.00,,,
774,12/2/2024,18:03:36,12/2/2024,18:08:41,12/2/2024,18:11:21,0:02:40,Yes,0:02:23,143.00,160.00,,,
775,12/2/2024,18:04:50,12/2/2024,18:11:21,12/2/2024,18:25:51,0:14:30,Yes,0:01:14,74.00,870.00,,,
776,12/2/2024,18:09:31,12/2/2024,18:25:51,12/2/2024,18:31:40,0:05:49,Yes,0:04:41,281.00,349.00,,,
777,12/2/2024,18:15:49,12/2/2024,18:31:40,12/2/2024,18:39:19,0:07:39,Yes,0:06:18,378.00,459.00,,,
778,12/2/2024,18:25:50,12/2/2024,18:39:19,12/2/2024,18:47:27,0:08:08,Yes,0:10:01,601.00,488.00,,,
779,12/2/2024,18:27:57,12/2/2024,18:47:27,12/2/2024,18:51:11,0:03:44,Yes,0:02:07,127.00,224.00,,,
780,12/2/2024,18:28:34,12/2/2024,18:51:11,12/2/2024,18:57:07,0:05:56,Yes,0:00:37,37.00,356.00,,,
781,12/2/2024,18:32:33,12/2/2024,18:57:07,12/2/2024,18:58:25,0:01:18,Yes,0:03:59,239.00,78.00,,,
782,12/2/2024,18:34:54,12/2/2024,18:58:25,12/2/2024,18:59:05,0:00:40,Yes,0:02:21,141.00,40.00,,,
783,12/2/2024,18:35:24,12/2/2024,18:59:05,12/2/2024,19:03:22,0:04:17,Yes,0:00:30,30.00,257.00,,,
784,12/2/2024,18:40:47,12/2/2024,19:03:22,12/2/2024,19:05:53,0:02:31,Yes,0:05:23,323.00,151.00,,,
785,12/2/2024,18:40:56,12/2/2024,19:05:53,12/2/2024,19:09:11,0:03:18,Yes,0:00:09,9.00,198.00,,,
786,12/2/2024,18:44:06,12/2/2024,19:09:11,12/2/2024,19:11:57,0:02:46,Yes,0:03:10,190.00,166.00,,,
787,12/2/2024,18:44:21,12/2/2024,19:11:57,12/2/2024,19:17:53,0:05:56,Yes,0:00:15,15.00,356.00,,,
788,12/2/2024,18:54:25,12/2/2024,19:17:53,12/2/2024,19:18:04,0:00:11,Yes,0:10:04,604.00,11.00,,,
789,12/2/2024,18:55:28,12/2/2024,19:18:04,12/2/2024,19:19:30,0:01:26,Yes,0:01:03,63.00,86.00,,,
790,12/2/2024,18:58:10,12/2/2024,19:19:30,12/2/2024,19:27:38,0:08:08,Yes,0:02:42,162.00,488.00,,,
791,12/2/2024,19:00:30,12/2/2024,19:27:38,12/2/2024,19:28:41,0:01:03,Yes,0:02:20,140.00,63.00,,,
792,12/2/2024,19:03:54,12/2/2024,19:28:41,12/2/2024,19:36:06,0:07:25,Yes,0:03:24,204.00,445.00,,,
793,12/2/2024,19:04:35,12/2/2024,19:36:06,12/2/2024,19:37:23,0:01:17,Yes,0:00:41,41.00,77.00,,,
794,12/2/2024,19:25:19,12/2/2024,19:37:23,12/2/2024,19:39:15,0:01:52,Yes,0:20:44,1244.00,112.00,,,
795,12/2/2024,19:30:40,12/2/2024,19:39:15,12/2/2024,19:44:20,0:05:05,Yes,0:05:21,321.00,305.00,,,
796,12/2/2024,19:31:13,12/2/2024,19:44:20,12/2/2024,19:45:40,0:01:20,Yes,0:00:33,33.00,80.00,,,
797,12/2/2024,19:42:29,12/2/2024,19:45:40,12/2/2024,19:46:49,0:01:09,Yes,0:11:16,676.00,69.00,,,
798,12/2/2024,19:49:53,12/2/2024,19:49:53,12/2/2024,20:02:45,0:12:52,No,0:07:24,444.00,772.00,,,
799,12/2/2024,19:51:44,12/2/2024,20:02:45,12/2/2024,20:10:24,0:07:39,Yes,0:01:51,111.00,459.00,,,
800,12/2/2024,20:05:06,12/2/2024,20:10:24,12/2/2024,20:21:40,0:11:16,Yes,0:13:22,802.00,676.00,,,
801,12/2/2024,20:15:11,12/2/2024,20:21:40,12/2/2024,20:22:50,0:01:10,Yes,0:10:05,605.00,70.00,,,
802,12/2/2024,20:20:58,12/2/2024,20:22:50,12/2/2024,20:29:14,0:06:24,Yes,0:05:47,347.00,384.00,,,
803,12/2/2024,20:24:25,12/2/2024,20:29:14,12/2/2024,20:34:30,0:05:16,Yes,0:03:27,207.00,316.00,,,
804,12/2/2024,20:31:44,12/2/2024,20:34:30,12/2/2024,20:36:17,0:01:47,Yes,0:07:19,439.00,107.00,,,
805,12/2/2024,20:34:31,12/2/2024,20:36:17,12/2/2024,20:48:17,0:12:00,Yes,0:02:47,167.00,720.00,,,
806,12/2/2024,20:38:05,12/2/2024,20:48:17,12/2/2024,20:51:01,0:02:44,Yes,0:03:34,214.00,164.00,,,
807,12/2/2024,20:38:34,12/2/2024,20:51:01,12/2/2024,20:52:05,0:01:04,Yes,0:00:29,29.00,64.00,,,
808,12/2/2024,20:52:51,12/2/2024,20:52:51,12/2/2024,20:54:01,0:01:10,No,0:14:17,857.00,70.00,,,
809,12/2/2024,20:55:55,12/2/2024,20:55:55,12/2/2024,21:00:57,0:05:02,No,0:03:04,184.00,302.00,,,
810,12/2/2024,21:01:08,12/2/2024,21:01:08,12/2/2024,21:09:25,0:08:17,No,0:05:13,313.00,497.00,,,
811,12/2/2024,21:02:22,12/2/2024,21:09:25,12/2/2024,21:11:26,0:02:01,Yes,0:01:14,74.00,121.00,,,
812,12/2/2024,21:08:32,12/2/2024,21:11:26,12/2/2024,21:14:27,0:03:01,Yes,0:06:10,370.00,181.00,,,
813,12/2/2024,21:12:02,12/2/2024,21:14:27,12/2/2024,21:19:03,0:04:36,Yes,0:03:30,210.00,276.00,,,
814,12/2/2024,21:12:10,12/2/2024,21:19:03,12/2/2024,21:19:09,0:00:06,Yes,0:00:08,8.00,6.00,,,
815,12/2/2024,21:17:02,12/2/2024,21:19:09,12/2/2024,21:24:08,0:04:59,Yes,0:04:52,292.00,299.00,,,
816,12/2/2024,21:17:51,12/2/2024,21:24:08,12/2/2024,21:33:13,0:09:05,Yes,0:00:49,49.00,545.00,,,
817,12/2/2024,21:19:01,12/2/2024,21:33:13,12/2/2024,21:38:00,0:04:47,Yes,0:01:10,70.00,287.00,,,
818,12/2/2024,21:23:05,12/2/2024,21:38:00,12/2/2024,21:39:05,0:01:05,Yes,0:04:04,244.00,65.00,,,
819,12/2/2024,21:25:33,12/2/2024,21:39:05,12/2/2024,21:42:20,0:03:15,Yes,0:02:28,148.00,195.00,,,
820,12/2/2024,21:29:00,12/2/2024,21:42:20,12/2/2024,21:42:29,0:00:09,Yes,0:03:27,207.00,9.00,,,
821,12/2/2024,21:29:21,12/2/2024,21:42:29,12/2/2024,21:45:13,0:02:44,Yes,0:00:21,21.00,164.00,,,
822,12/2/2024,21:33:51,12/2/2024,21:45:13,12/2/2024,21:50:43,0:05:30,Yes,0:04:30,270.00,330.00,,,
823,12/2/2024,21:38:11,12/2/2024,21:50:43,12/2/2024,21:52:28,0:01:45,Yes,0:04:20,260.00,105.00,,,
824,12/2/2024,21:39:44,12/2/2024,21:52:28,12/2/2024,21:54:21,0:01:53,Yes,0:01:33,93.00,113.00,,,
825,12/2/2024,21:40:44,12/2/2024,21:54:21,12/2/2024,21:54:45,0:00:24,Yes,0:01:00,60.00,24.00,,,
826,12/2/2024,21:41:06,12/2/2024,21:54:45,12/2/2024,22:06:05,0:11:20,Yes,0:00:22,22.00,680.00,,,
827,12/2/2024,21:42:04,12/2/2024,22:06:05,12/2/2024,22:09:54,0:03:49,Yes,0:00:58,58.00,229.00,,,
828,12/2/2024,22:02:22,12/2/2024,22:09:54,12/2/2024,22:11:11,0:01:17,Yes,0:20:18,1218.00,77.00,,,
829,12/2/2024,22:27:50,12/2/2024,22:27:50,12/2/2024,22:32:50,0:05:00,No,0:25:28,1528.00,300.00,,,
830,12/2/2024,22:35:01,12/2/2024,22:35:01,12/2/2024,22:38:42,0:03:41,No,0:07:11,431.00,221.00,,,
831,12/2/2024,22:55:17,12/2/2024,22:55:17,12/2/2024,22:56:55,0:01:38,No,0:20:16,1216.00,98.00,,,
832,12/2/2024,23:08:03,12/2/2024,23:08:03,12/2/2024,23:10:11,0:02:08,No,0:12:46,766.00,128.00,,,
833,12/2/2024,23:12:12,12/2/2024,23:12:12,12/2/2024,23:13:45,0:01:33,No,0:04:09,249.00,93.00,,,
834,12/2/2024,23:19:41,12/2/2024,23:19:41,12/2/2024,23:19:57,0:00:16,No,0:07:29,449.00,16.00,,,
835,12/2/2024,23:23:03,12/2/2024,23:23:03,12/2/2024,23:29:23,0:06:20,No,0:03:22,202.00,380.00,,,
836,12/2/2024,23:27:20,12/2/2024,23:29:23,12/2/2024,23:30:30,0:01:07,Yes,0:04:17,257.00,67.00,,,
837,12/2/2024,23:35:38,12/2/2024,23:35:38,12/2/2024,23:45:08,0:09:30,No,0:08:18,498.00,570.00,,,
838,12/2/2024,23:36:29,12/2/2024,23:45:08,12/2/2024,23:46:27,0:01:19,Yes,0:00:51,51.00,79.00,,,
839,12/2/2024,23:44:22,12/2/2024,23:46:27,12/2/2024,23:53:49,0:07:22,Yes,0:07:53,473.00,442.00,,,
840,12/2/2024,23:53:28,12/2/2024,23:53:49,12/2/2024,23:55:39,0:01:50,Yes,0:09:06,546.00,110.00,,,
841,12/2/2024,23:58:43,12/2/2024,23:58:43,12/2/2024,23:59:38,0:00:55,No,0:05:15,315.00,55.00,,,
842,12/3/2024,0:08:00,12/3/2024,0:08:00,12/3/2024,0:19:15,0:11:15,Yes,0:09:17,557.00,675.00,,,
843,12/3/2024,0:14:35,12/3/2024,0:19:15,12/3/2024,0:22:38,0:03:23,Yes,0:06:35,395.00,203.00,,,
844,12/3/2024,0:15:43,12/3/2024,0:22:38,12/3/2024,0:28:59,0:06:21,Yes,0:01:08,68.00,381.00,,,
845,12/3/2024,0:17:34,12/3/2024,0:28:59,12/3/2024,0:29:12,0:00:13,Yes,0:01:51,111.00,13.00,,,
846,12/3/2024,0:20:49,12/3/2024,0:29:12,12/3/2024,0:31:49,0:02:37,Yes,0:03:15,195.00,157.00,,,
847,12/3/2024,0:26:45,12/3/2024,0:31:49,12/3/2024,0:37:25,0:05:36,Yes,0:05:56,356.00,336.00,,,
848,12/3/2024,0:26:49,12/3/2024,0:37:25,12/3/2024,0:39:59,0:02:34,Yes,0:00:04,4.00,154.00,,,
849,12/3/2024,0:31:31,12/3/2024,0:39:59,12/3/2024,0:45:48,0:05:49,Yes,0:04:42,282.00,349.00,,,
850,12/3/2024,0:42:59,12/3/2024,0:45:48,12/3/2024,0:47:13,0:01:25,Yes,0:11:28,688.00,85.00,,,
851,12/3/2024,0:43:38,12/3/2024,0:47:13,12/3/2024,0:53:01,0:05:48,Yes,0:00:39,39.00,348.00,,,
852,12/3/2024,0:43:50,12/3/2024,0:53:01,12/3/2024,0:53:25,0:00:24,Yes,0:00:12,12.00,24.00,,,
853,12/3/2024,0:45:09,12/3/2024,0:53:25,12/3/2024,0:53:58,0:00:33,Yes,0:01:19,79.00,33.00,,,
854,12/3/2024,0:50:55,12/3/2024,0:53:58,12/3/2024,1:00:27,0:06:29,Yes,0:05:46,346.00,389.00,,,
855,12/3/2024,0:54:34,12/3/2024,1:00:27,12/3/2024,1:00:35,0:00:08,Yes,0:03:39,219.00,8.00,,,
856,12/3/2024,1:01:42,12/3/2024,1:01:42,12/3/2024,1:02:53,0:01:11,No,0:07:08,428.00,71.00,,,
857,12/3/2024,1:06:01,12/3/2024,1:06:01,12/3/2024,1:09:36,0:03:35,No,0:04:19,259.00,215.00,,,
858,12/3/2024,1:06:19,12/3/2024,1:09:36,12/3/2024,1:09:56,0:00:20,Yes,0:00:18,18.00,20.00,,,
859,12/3/2024,1:08:32,12/3/2024,1:09:56,12/3/2024,1:12:30,0:02:34,Yes,0:02:13,133.00,154.00,,,
860,12/3/2024,1:09:06,12/3/2024,1:12:30,12/3/2024,1:18:30,0:06:00,Yes,0:00:34,34.00,360.00,,,
861,12/3/2024,1:18:21,12/3/2024,1:18:30,12/3/2024,1:23:45,0:05:15,Yes,0:09:15,555.00,315.00,,,
862,12/3/2024,1:20:39,12/3/2024,1:23:45,12/3/2024,1:30:46,0:07:01,Yes,0:02:18,138.00,421.00,,,
863,12/3/2024,1:21:33,12/3/2024,1:30:46,12/3/2024,1:31:26,0:00:40,Yes,0:00:54,54.00,40.00,,,
864,12/3/2024,1:26:16,12/3/2024,1:31:26,12/3/2024,1:35:10,0:03:44,Yes,0:04:43,283.00,224.00,,,
865,12/3/2024,1:28:59,12/3/2024,1:35:10,12/3/2024,1:41:03,0:05:53,Yes,0:02:43,163.00,353.00,,,
866,12/3/2024,1:34:11,12/3/2024,1:41:03,12/3/2024,1:41:13,0:00:10,Yes,0:05:12,312.00,10.00,,,
867,12/3/2024,1:35:37,12/3/2024,1:41:13,12/3/2024,1:43:34,0:02:21,Yes,0:01:26,86.00,141.00,,,
868,12/3/2024,1:35:58,12/3/2024,1:43:34,12/3/2024,1:46:16,0:02:42,Yes,0:00:21,21.00,162.00,,,
869,12/3/2024,1:42:38,12/3/2024,1:46:16,12/3/2024,1:46:52,0:00:36,Yes,0:06:40,400.00,36.00,,,
870,12/3/2024,1:47:09,12/3/2024,1:47:09,12/3/2024,1:53:04,0:05:55,No,0:04:31,271.00,355.00,,,
871,12/3/2024,1:50:07,12/3/2024,1:53:04,12/3/2024,2:03:23,0:10:19,Yes,0:02:58,178.00,619.00,,,
872,12/3/2024,1:53:08,12/3/2024,2:03:23,12/3/2024,2:07:02,0:03:39,Yes,0:03:01,181.00,219.00,,,
873,12/3/2024,1:59:20,12/3/2024,2:07:02,12/3/2024,2:08:27,0:01:25,Yes,0:06:12,372.00,85.00,,,
874,12/3/2024,2:05:26,12/3/2024,2:08:27,12/3/2024,2:16:34,0:08:07,Yes,0:06:06,366.00,487.00,,,
875,12/3/2024,2:06:53,12/3/2024,2:16:34,12/3/2024,2:21:39,0:05:05,Yes,0:01:27,87.00,305.00,,,
876,12/3/2024,2:08:40,12/3/2024,2:21:39,12/3/2024,2:24:04,0:02:25,Yes,0:01:47,107.00,145.00,,,
877,12/3/2024,2:16:33,12/3/2024,2:24:04,12/3/2024,2:29:50,0:05:46,Yes,0:07:53,473.00,346.00,,,
878,12/3/2024,2:17:41,12/3/2024,2:29:50,12/3/2024,2:31:12,0:01:22,Yes,0:01:08,68.00,82.00,,,
879,12/3/2024,2:33:16,12/3/2024,2:33:16,12/3/2024,2:33:21,0:00:05,No,0:15:35,935.00,5.00,,,
880,12/3/2024,2:36:57,12/3/2024,2:36:57,12/3/2024,2:43:01,0:06:04,No,0:03:41,221.00,364.00,,,
881,12/3/2024,2:36:57,12/3/2024,2:43:01,12/3/2024,2:55:04,0:12:03,Yes,0:00:00,0.00,723.00,,,
882,12/3/2024,2:40:49,12/3/2024,2:55:04,12/3/2024,3:01:26,0:06:22,Yes,0:03:52,232.00,382.00,,,
883,12/3/2024,2:41:49,12/3/2024,3:01:26,12/3/2024,3:15:25,0:13:59,Yes,0:01:00,60.00,839.00,,,
884,12/3/2024,2:44:10,12/3/2024,3:15:25,12/3/2024,3:15:40,0:00:15,Yes,0:02:21,141.00,15.00,,,
885,12/3/2024,2:46:18,12/3/2024,3:15:40,12/3/2024,3:18:21,0:02:41,Yes,0:02:08,128.00,161.00,,,
886,12/3/2024,2:58:42,12/3/2024,3:18:21,12/3/2024,3:32:18,0:13:57,Yes,0:12:24,744.00,837.00,,,
887,12/3/2024,3:08:08,12/3/2024,3:32:18,12/3/2024,3:33:15,0:00:57,Yes,0:09:26,566.00,57.00,,,
888,12/3/2024,3:21:08,12/3/2024,3:33:15,12/3/2024,3:37:14,0:03:59,Yes,0:13:00,780.00,239.00,,,
889,12/3/2024,3:24:14,12/3/2024,3:37:14,12/3/2024,3:38:21,0:01:07,Yes,0:03:06,186.00,67.00,,,
890,12/3/2024,3:33:46,12/3/2024,3:38:21,12/3/2024,3:43:59,0:05:38,Yes,0:09:32,572.00,338.00,,,
891,12/3/2024,3:54:24,12/3/2024,3:54:24,12/3/2024,3:58:09,0:03:45,No,0:20:38,1238.00,225.00,,,
892,12/3/2024,3:54:53,12/3/2024,3:58:09,12/3/2024,3:58:49,0:00:40,Yes,0:00:29,29.00,40.00,,,
893,12/3/2024,3:59:57,12/3/2024,3:59:57,12/3/2024,4:02:02,0:02:05,No,0:05:04,304.00,125.00,,,
894,12/3/2024,4:10:36,12/3/2024,4:10:36,12/3/2024,4:11:01,0:00:25,No,0:10:39,639.00,25.00,,,
895,12/3/2024,4:12:56,12/3/2024,4:12:56,12/3/2024,4:14:26,0:01:30,No,0:02:20,140.00,90.00,,,
896,12/3/2024,4:19:19,12/3/2024,4:19:19,12/3/2024,4:24:01,0:04:42,No,0:06:23,383.00,282.00,,,
897,12/3/2024,4:24:24,12/3/2024,4:24:24,12/3/2024,4:26:32,0:02:08,No,0:05:05,305.00,128.00,,,
898,12/3/2024,4:24:48,12/3/2024,4:26:32,12/3/2024,4:45:27,0:18:55,Yes,0:00:24,24.00,1135.00,,,
899,12/3/2024,4:27:56,12/3/2024,4:45:27,12/3/2024,4:45:38,0:00:11,Yes,0:03:08,188.00,11.00,,,
900,12/3/2024,4:28:06,12/3/2024,4:45:38,12/3/2024,4:48:01,0:02:23,Yes,0:00:10,10.00,143.00,,,
901,12/3/2024,4:28:55,12/3/2024,4:48:01,12/3/2024,4:56:12,0:08:11,Yes,0:00:49,49.00,491.00,,,
902,12/3/2024,4:32:14,12/3/2024,4:56:12,12/3/2024,5:01:09,0:04:57,Yes,0:03:19,199.00,297.00,,,
903,12/3/2024,4:53:04,12/3/2024,5:01:09,12/3/2024,5:01:30,0:00:21,Yes,0:20:50,1250.00,21.00,,,
904,12/3/2024,4:55:43,12/3/2024,5:01:30,12/3/2024,5:03:27,0:01:57,Yes,0:02:39,159.00,117.00,,,
905,12/3/2024,5:00:29,12/3/2024,5:03:27,12/3/2024,5:07:33,0:04:06,Yes,0:04:46,286.00,246.00,,,
906,12/3/2024,5:03:36,12/3/2024,5:07:33,12/3/2024,5:11:32,0:03:59,Yes,0:03:07,187.00,239.00,,,
907,12/3/2024,5:04:18,12/3/2024,5:11:32,12/3/2024,5:15:04,0:03:32,Yes,0:00:42,42.00,212.00,,,
908,12/3/2024,5:05:53,12/3/2024,5:15:04,12/3/2024,5:27:44,0:12:40,Yes,0:01:35,95.00,760.00,,,
909,12/3/2024,5:14:44,12/3/2024,5:27:44,12/3/2024,5:28:35,0:00:51,Yes,0:08:51,531.00,51.00,,,
910,12/3/2024,5:15:35,12/3/2024,5:28:35,12/3/2024,5:34:02,0:05:27,Yes,0:00:51,51.00,327.00,,,
911,12/3/2024,5:20:32,12/3/2024,5:34:02,12/3/2024,5:46:42,0:12:40,Yes,0:04:57,297.00,760.00,,,
912,12/3/2024,5:26:55,12/3/2024,5:46:42,12/3/2024,5:47:48,0:01:06,Yes,0:06:23,383.00,66.00,,,
913,12/3/2024,5:35:18,12/3/2024,5:47:48,12/3/2024,5:48:51,0:01:03,Yes,0:08:23,503.00,63.00,,,
914,12/3/2024,5:54:17,12/3/2024,5:54:17,12/3/2024,6:13:54,0:19:37,No,0:18:59,1139.00,1177.00,,,
915,12/3/2024,6:00:22,12/3/2024,6:13:54,12/3/2024,6:16:26,0:02:32,Yes,0:06:05,365.00,152.00,,,
916,12/3/2024,6:07:17,12/3/2024,6:16:26,12/3/2024,6:17:07,0:00:41,Yes,0:06:55,415.00,41.00,,,
917,12/3/2024,6:16:52,12/3/2024,6:17:07,12/3/2024,6:18:35,0:01:28,Yes,0:09:35,575.00,88.00,,,
918,12/3/2024,6:18:55,12/3/2024,6:18:55,12/3/2024,6:20:38,0:01:43,No,0:02:03,123.00,103.00,,,
919,12/3/2024,6:41:13,12/3/2024,6:41:13,12/3/2024,6:44:28,0:03:15,No,0:22:18,1338.00,195.00,,,
920,12/3/2024,6:43:31,12/3/2024,6:44:28,12/3/2024,6:45:51,0:01:23,Yes,0:02:18,138.00,83.00,,,
921,12/3/2024,7:04:28,12/3/2024,7:04:28,12/3/2024,7:08:00,0:03:32,No,0:20:57,1257.00,212.00,,,
922,12/3/2024,7:05:55,12/3/2024,7:08:00,12/3/2024,7:08:34,0:00:34,Yes,0:01:27,87.00,34.00,,,
923,12/3/2024,7:15:15,12/3/2024,7:15:15,12/3/2024,7:27:18,0:12:03,No,0:09:20,560.00,723.00,,,
924,12/3/2024,7:16:41,12/3/2024,7:27:18,12/3/2024,7:27:34,0:00:16,Yes,0:01:26,86.00,16.00,,,
925,12/3/2024,7:20:09,12/3/2024,7:27:34,12/3/2024,7:30:05,0:02:31,Yes,0:03:28,208.00,151.00,,,
926,12/3/2024,7:26:05,12/3/2024,7:30:05,12/3/2024,7:30:10,0:00:05,Yes,0:05:56,356.00,5.00,,,
927,12/3/2024,7:34:40,12/3/2024,7:34:40,12/3/2024,7:36:09,0:01:29,No,0:08:35,515.00,89.00,,,
928,12/3/2024,7:51:09,12/3/2024,7:51:09,12/3/2024,7:52:10,0:01:01,No,0:16:29,989.00,61.00,,,
929,12/3/2024,7:53:53,12/3/2024,7:53:53,12/3/2024,7:57:20,0:03:27,No,0:02:44,164.00,207.00,,,
930,12/3/2024,7:58:59,12/3/2024,7:58:59,12/3/2024,7:59:31,0:00:32,No,0:05:06,306.00,32.00,,,
931,12/3/2024,7:59:30,12/3/2024,7:59:31,12/3/2024,8:01:11,0:01:40,Yes,0:00:31,31.00,100.00,,,
932,12/3/2024,8:01:16,12/3/2024,8:01:16,12/3/2024,8:05:56,0:04:40,No,0:01:46,106.00,280.00,,,
933,12/3/2024,8:05:17,12/3/2024,8:05:56,12/3/2024,8:07:54,0:01:58,Yes,0:04:01,241.00,118.00,,,
934,12/3/2024,8:22:36,12/3/2024,8:22:36,12/3/2024,8:25:23,0:02:47,No,0:17:19,1039.00,167.00,,,
935,12/3/2024,8:28:11,12/3/2024,8:28:11,12/3/2024,8:28:33,0:00:22,No,0:05:35,335.00,22.00,,,
936,12/3/2024,8:28:29,12/3/2024,8:28:33,12/3/2024,8:29:58,0:01:25,Yes,0:00:18,18.00,85.00,,,
937,12/3/2024,8:34:46,12/3/2024,8:34:46,12/3/2024,8:49:15,0:14:29,No,0:06:17,377.00,869.00,,,
938,12/3/2024,8:39:36,12/3/2024,8:49:15,12/3/2024,8:52:02,0:02:47,Yes,0:04:50,290.00,167.00,,,
939,12/3/2024,8:41:25,12/3/2024,8:52:02,12/3/2024,8:55:42,0:03:40,Yes,0:01:49,109.00,220.00,,,
940,12/3/2024,8:45:35,12/3/2024,8:55:42,12/3/2024,8:57:00,0:01:18,Yes,0:04:10,250.00,78.00,,,
941,12/3/2024,8:51:51,12/3/2024,8:57:00,12/3/2024,9:07:36,0:10:36,Yes,0:06:16,376.00,636.00,,,
942,12/3/2024,8:52:56,12/3/2024,9:07:36,12/3/2024,9:08:23,0:00:47,Yes,0:01:05,65.00,47.00,,,
943,12/3/2024,9:00:27,12/3/2024,9:08:23,12/3/2024,9:12:06,0:03:43,Yes,0:07:31,451.00,223.00,,,
944,12/3/2024,9:11:10,12/3/2024,9:12:06,12/3/2024,9:15:45,0:03:39,Yes,0:10:43,643.00,219.00,,,
945,12/3/2024,9:11:16,12/3/2024,9:15:45,12/3/2024,9:16:32,0:00:47,Yes,0:00:06,6.00,47.00,,,
946,12/3/2024,9:14:08,12/3/2024,9:16:32,12/3/2024,9:19:04,0:02:32,Yes,0:02:52,172.00,152.00,,,
947,12/3/2024,9:19:46,12/3/2024,9:19:46,12/3/2024,9:27:13,0:07:27,No,0:05:38,338.00,447.00,,,
948,12/3/2024,9:40:08,12/3/2024,9:40:08,12/3/2024,9:46:59,0:06:51,No,0:20:22,1222.00,411.00,,,
949,12/3/2024,9:42:36,12/3/2024,9:46:59,12/3/2024,9:55:42,0:08:43,Yes,0:02:28,148.00,523.00,,,
950,12/3/2024,10:00:49,12/3/2024,10:00:49,12/3/2024,10:01:40,0:00:51,No,0:18:13,1093.00,51.00,,,
951,12/3/2024,10:04:34,12/3/2024,10:04:34,12/3/2024,10:05:44,0:01:10,No,0:03:45,225.00,70.00,,,
952,12/3/2024,10:07:42,12/3/2024,10:07:42,12/3/2024,10:18:23,0:10:41,No,0:03:08,188.00,641.00,,,
953,12/3/2024,10:08:58,12/3/2024,10:18:23,12/3/2024,10:19:07,0:00:44,Yes,0:01:16,76.00,44.00,,,
954,12/3/2024,10:10:16,12/3/2024,10:19:07,12/3/2024,10:25:58,0:06:51,Yes,0:01:18,78.00,411.00,,,
955,12/3/2024,10:16:33,12/3/2024,10:25:58,12/3/2024,10:40:06,0:14:08,Yes,0:06:17,377.00,848.00,,,
956,12/3/2024,10:21:14,12/3/2024,10:40:06,12/3/2024,10:47:51,0:07:45,Yes,0:04:41,281.00,465.00,,,
957,12/3/2024,10:23:17,12/3/2024,10:47:51,12/3/2024,10:50:30,0:02:39,Yes,0:02:03,123.00,159.00,,,
958,12/3/2024,10:28:18,12/3/2024,10:50:30,12/3/2024,11:07:10,0:16:40,Yes,0:05:01,301.00,1000.00,,,
959,12/3/2024,10:39:46,12/3/2024,11:07:10,12/3/2024,11:10:54,0:03:44,Yes,0:11:28,688.00,224.00,,,
960,12/3/2024,10:40:40,12/3/2024,11:10:54,12/3/2024,11:15:14,0:04:20,Yes,0:00:54,54.00,260.00,,,
961,12/3/2024,10:49:44,12/3/2024,11:15:14,12/3/2024,11:15:22,0:00:08,Yes,0:09:04,544.00,8.00,,,
962,12/3/2024,10:52:09,12/3/2024,11:15:22,12/3/2024,11:17:17,0:01:55,Yes,0:02:25,145.00,115.00,,,
963,12/3/2024,10:56:30,12/3/2024,11:17:17,12/3/2024,11:18:14,0:00:57,Yes,0:04:21,261.00,57.00,,,
964,12/3/2024,10:57:53,12/3/2024,11:18:14,12/3/2024,11:26:21,0:08:07,Yes,0:01:23,83.00,487.00,,,
965,12/3/2024,11:08:27,12/3/2024,11:26:21,12/3/2024,11:26:26,0:00:05,Yes,0:10:34,634.00,5.00,,,
966,12/3/2024,11:08:53,12/3/2024,11:26:26,12/3/2024,11:38:05,0:11:39,Yes,0:00:26,26.00,699.00,,,
967,12/3/2024,11:14:17,12/3/2024,11:38:05,12/3/2024,11:38:12,0:00:07,Yes,0:05:24,324.00,7.00,,,
968,12/3/2024,11:21:10,12/3/2024,11:38:12,12/3/2024,11:40:59,0:02:47,Yes,0:06:53,413.00,167.00,,,
969,12/3/2024,11:27:30,12/3/2024,11:40:59,12/3/2024,11:43:30,0:02:31,Yes,0:06:20,380.00,151.00,,,
970,12/3/2024,11:28:35,12/3/2024,11:43:30,12/3/2024,11:52:06,0:08:36,Yes,0:01:05,65.00,516.00,,,
971,12/3/2024,11:33:57,12/3/2024,11:52:06,12/3/2024,12:08:40,0:16:34,Yes,0:05:22,322.00,994.00,,,
972,12/3/2024,11:37:27,12/3/2024,12:08:40,12/3/2024,12:09:26,0:00:46,Yes,0:03:30,210.00,46.00,,,
973,12/3/2024,11:57:25,12/3/2024,12:09:26,12/3/2024,12:10:41,0:01:15,Yes,0:19:58,1198.00,75.00,,,
974,12/3/2024,12:12:54,12/3/2024,12:12:54,12/3/2024,12:21:09,0:08:15,No,0:15:29,929.00,495.00,,,
975,12/3/2024,12:13:33,12/3/2024,12:21:09,12/3/2024,12:22:53,0:01:44,Yes,0:00:39,39.00,104.00,,,
976,12/3/2024,12:14:38,12/3/2024,12:22:53,12/3/2024,12:23:10,0:00:17,Yes,0:01:05,65.00,17.00,,,
977,12/3/2024,12:16:23,12/3/2024,12:23:10,12/3/2024,12:36:33,0:13:23,Yes,0:01:45,105.00,803.00,,,
978,12/3/2024,12:23:19,12/3/2024,12:36:33,12/3/2024,12:39:08,0:02:35,Yes,0:06:56,416.00,155.00,,,
979,12/3/2024,12:24:51,12/3/2024,12:39:08,12/3/2024,12:41:57,0:02:49,Yes,0:01:32,92.00,169.00,,,
980,12/3/2024,12:25:29,12/3/2024,12:41:57,12/3/2024,12:42:07,0:00:10,Yes,0:00:38,38.00,10.00,,,
981,12/3/2024,12:29:06,12/3/2024,12:42:07,12/3/2024,12:46:07,0:04:00,Yes,0:03:37,217.00,240.00,,,
982,12/3/2024,12:39:52,12/3/2024,12:46:07,12/3/2024,12:56:10,0:10:03,Yes,0:10:46,646.00,603.00,,,
983,12/3/2024,12:43:10,12/3/2024,12:56:10,12/3/2024,12:56:31,0:00:21,Yes,0:03:18,198.00,21.00,,,
984,12/3/2024,12:45:52,12/3/2024,12:56:31,12/3/2024,12:57:23,0:00:52,Yes,0:02:42,162.00,52.00,,,
985,12/3/2024,12:47:29,12/3/2024,12:57:23,12/3/2024,12:58:14,0:00:51,Yes,0:01:37,97.00,51.00,,,
986,12/3/2024,12:50:20,12/3/2024,12:58:14,12/3/2024,12:59:24,0:01:10,Yes,0:02:51,171.00,70.00,,,
987,12/3/2024,12:50:41,12/3/2024,12:59:24,12/3/2024,13:02:53,0:03:29,Yes,0:00:21,21.00,209.00,,,
988,12/3/2024,12:54:41,12/3/2024,13:02:53,12/3/2024,13:05:27,0:02:34,Yes,0:04:00,240.00,154.00,,,
989,12/3/2024,12:56:55,12/3/2024,13:05:27,12/3/2024,13:10:54,0:05:27,Yes,0:02:14,134.00,327.00,,,
990,12/3/2024,13:02:30,12/3/2024,13:10:54,12/3/2024,13:11:06,0:00:12,Yes,0:05:35,335.00,12.00,,,
991,12/3/2024,13:08:37,12/3/2024,13:11:06,12/3/2024,13:14:43,0:03:37,Yes,0:06:07,367.00,217.00,,,
992,12/3/2024,13:22:36,12/3/2024,13:22:36,12/3/2024,13:23:49,0:01:13,No,0:13:59,839.00,73.00,,,
993,12/3/2024,13:22:49,12/3/2024,13:23:49,12/3/2024,13:25:24,0:01:35,Yes,0:00:13,13.00,95.00,,,
994,12/3/2024,13:33:28,12/3/2024,13:33:28,12/3/2024,13:38:54,0:05:26,No,0:10:39,639.00,326.00,,,
995,12/3/2024,13:33:36,12/3/2024,13:38:54,12/3/2024,13:41:17,0:02:23,Yes,0:00:08,8.00,143.00,,,
996,12/3/2024,13:35:01,12/3/2024,13:41:17,12/3/2024,13:42:18,0:01:01,Yes,0:01:25,85.00,61.00,,,
997,12/3/2024,13:37:52,12/3/2024,13:42:18,12/3/2024,13:42:52,0:00:34,Yes,0:02:51,171.00,34.00,,,
998,12/3/2024,13:44:20,12/3/2024,13:44:20,12/3/2024,13:45:45,0:01:25,No,0:06:28,388.00,85.00,,,
999,12/3/2024,13:45:42,12/3/2024,13:45:45,12/3/2024,13:47:37,0:01:52,Yes,0:01:22,82.00,112.00,,,
1000,12/3/2024,13:49:53,12/3/2024,13:49:53,12/3/2024,13:51:07,0:01:14,No,0:04:11,251.00,74.00,,,
,,,,,,,,,,308.74,238.47,,,
,,,,,,,,,mu,0.003238971,0.004193329,lambda,,
